//
// Created by mdnssknght on 26/07/2024.
//

#pragma once

unsigned char sec_camera_provider_4_0_bin_64[] = {
  0x7f, 0x45, 0x4c, 0x46, 0x02, 0x01, 0x01, 0x00, 0x00, 0x00, 0x00, 0x00,
  0x00, 0x00, 0x00, 0x00, 0x03, 0x00, 0xb7, 0x00, 0x01, 0x00, 0x00, 0x00,
  0x00, 0x30, 0x00, 0x00, 0x00, 0x00, 0x00, 0x00, 0x40, 0x00, 0x00, 0x00,
  0x00, 0x00, 0x00, 0x00, 0xf8, 0x49, 0x00, 0x00, 0x00, 0x00, 0x00, 0x00,
  0x00, 0x00, 0x00, 0x00, 0x40, 0x00, 0x38, 0x00, 0x0a, 0x00, 0x40, 0x00,
  0x1a, 0x00, 0x18, 0x00, 0x06, 0x00, 0x00, 0x00, 0x04, 0x00, 0x00, 0x00,
  0x40, 0x00, 0x00, 0x00, 0x00, 0x00, 0x00, 0x00, 0x40, 0x00, 0x00, 0x00,
  0x00, 0x00, 0x00, 0x00, 0x40, 0x00, 0x00, 0x00, 0x00, 0x00, 0x00, 0x00,
  0x30, 0x02, 0x00, 0x00, 0x00, 0x00, 0x00, 0x00, 0x30, 0x02, 0x00, 0x00,
  0x00, 0x00, 0x00, 0x00, 0x08, 0x00, 0x00, 0x00, 0x00, 0x00, 0x00, 0x00,
  0x03, 0x00, 0x00, 0x00, 0x04, 0x00, 0x00, 0x00, 0x70, 0x02, 0x00, 0x00,
  0x00, 0x00, 0x00, 0x00, 0x70, 0x02, 0x00, 0x00, 0x00, 0x00, 0x00, 0x00,
  0x70, 0x02, 0x00, 0x00, 0x00, 0x00, 0x00, 0x00, 0x15, 0x00, 0x00, 0x00,
  0x00, 0x00, 0x00, 0x00, 0x15, 0x00, 0x00, 0x00, 0x00, 0x00, 0x00, 0x00,
  0x01, 0x00, 0x00, 0x00, 0x00, 0x00, 0x00, 0x00, 0x01, 0x00, 0x00, 0x00,
  0x04, 0x00, 0x00, 0x00, 0x00, 0x00, 0x00, 0x00, 0x00, 0x00, 0x00, 0x00,
  0x00, 0x00, 0x00, 0x00, 0x00, 0x00, 0x00, 0x00, 0x00, 0x00, 0x00, 0x00,
  0x00, 0x00, 0x00, 0x00, 0x6c, 0x22, 0x00, 0x00, 0x00, 0x00, 0x00, 0x00,
  0x6c, 0x22, 0x00, 0x00, 0x00, 0x00, 0x00, 0x00, 0x00, 0x10, 0x00, 0x00,
  0x00, 0x00, 0x00, 0x00, 0x01, 0x00, 0x00, 0x00, 0x05, 0x00, 0x00, 0x00,
  0x00, 0x30, 0x00, 0x00, 0x00, 0x00, 0x00, 0x00, 0x00, 0x30, 0x00, 0x00,
  0x00, 0x00, 0x00, 0x00, 0x00, 0x30, 0x00, 0x00, 0x00, 0x00, 0x00, 0x00,
  0x80, 0x0b, 0x00, 0x00, 0x00, 0x00, 0x00, 0x00, 0x80, 0x0b, 0x00, 0x00,
  0x00, 0x00, 0x00, 0x00, 0x00, 0x10, 0x00, 0x00, 0x00, 0x00, 0x00, 0x00,
  0x01, 0x00, 0x00, 0x00, 0x06, 0x00, 0x00, 0x00, 0x00, 0x40, 0x00, 0x00,
  0x00, 0x00, 0x00, 0x00, 0x00, 0x40, 0x00, 0x00, 0x00, 0x00, 0x00, 0x00,
  0x00, 0x40, 0x00, 0x00, 0x00, 0x00, 0x00, 0x00, 0xb8, 0x05, 0x00, 0x00,
  0x00, 0x00, 0x00, 0x00, 0xb8, 0x05, 0x00, 0x00, 0x00, 0x00, 0x00, 0x00,
  0x00, 0x10, 0x00, 0x00, 0x00, 0x00, 0x00, 0x00, 0x02, 0x00, 0x00, 0x00,
  0x06, 0x00, 0x00, 0x00, 0x68, 0x41, 0x00, 0x00, 0x00, 0x00, 0x00, 0x00,
  0x68, 0x41, 0x00, 0x00, 0x00, 0x00, 0x00, 0x00, 0x68, 0x41, 0x00, 0x00,
  0x00, 0x00, 0x00, 0x00, 0x60, 0x03, 0x00, 0x00, 0x00, 0x00, 0x00, 0x00,
  0x60, 0x03, 0x00, 0x00, 0x00, 0x00, 0x00, 0x00, 0x08, 0x00, 0x00, 0x00,
  0x00, 0x00, 0x00, 0x00, 0x52, 0xe5, 0x74, 0x64, 0x04, 0x00, 0x00, 0x00,
  0x00, 0x40, 0x00, 0x00, 0x00, 0x00, 0x00, 0x00, 0x00, 0x40, 0x00, 0x00,
  0x00, 0x00, 0x00, 0x00, 0x00, 0x40, 0x00, 0x00, 0x00, 0x00, 0x00, 0x00,
  0xb8, 0x05, 0x00, 0x00, 0x00, 0x00, 0x00, 0x00, 0x00, 0x10, 0x00, 0x00,
  0x00, 0x00, 0x00, 0x00, 0x01, 0x00, 0x00, 0x00, 0x00, 0x00, 0x00, 0x00,
  0x50, 0xe5, 0x74, 0x64, 0x04, 0x00, 0x00, 0x00, 0x94, 0x1f, 0x00, 0x00,
  0x00, 0x00, 0x00, 0x00, 0x94, 0x1f, 0x00, 0x00, 0x00, 0x00, 0x00, 0x00,
  0x94, 0x1f, 0x00, 0x00, 0x00, 0x00, 0x00, 0x00, 0x94, 0x00, 0x00, 0x00,
  0x00, 0x00, 0x00, 0x00, 0x94, 0x00, 0x00, 0x00, 0x00, 0x00, 0x00, 0x00,
  0x04, 0x00, 0x00, 0x00, 0x00, 0x00, 0x00, 0x00, 0x51, 0xe5, 0x74, 0x64,
  0x06, 0x00, 0x00, 0x00, 0x00, 0x00, 0x00, 0x00, 0x00, 0x00, 0x00, 0x00,
  0x00, 0x00, 0x00, 0x00, 0x00, 0x00, 0x00, 0x00, 0x00, 0x00, 0x00, 0x00,
  0x00, 0x00, 0x00, 0x00, 0x00, 0x00, 0x00, 0x00, 0x00, 0x00, 0x00, 0x00,
  0x00, 0x00, 0x00, 0x00, 0x00, 0x00, 0x00, 0x00, 0x00, 0x00, 0x00, 0x00,
  0x00, 0x00, 0x00, 0x00, 0x04, 0x00, 0x00, 0x00, 0x04, 0x00, 0x00, 0x00,
  0x88, 0x02, 0x00, 0x00, 0x00, 0x00, 0x00, 0x00, 0x88, 0x02, 0x00, 0x00,
  0x00, 0x00, 0x00, 0x00, 0x88, 0x02, 0x00, 0x00, 0x00, 0x00, 0x00, 0x00,
  0x38, 0x00, 0x00, 0x00, 0x00, 0x00, 0x00, 0x00, 0x38, 0x00, 0x00, 0x00,
  0x00, 0x00, 0x00, 0x00, 0x04, 0x00, 0x00, 0x00, 0x00, 0x00, 0x00, 0x00,
  0x2f, 0x73, 0x79, 0x73, 0x74, 0x65, 0x6d, 0x2f, 0x62, 0x69, 0x6e, 0x2f,
  0x6c, 0x69, 0x6e, 0x6b, 0x65, 0x72, 0x36, 0x34, 0x00, 0x00, 0x00, 0x00,
  0x08, 0x00, 0x00, 0x00, 0x04, 0x00, 0x00, 0x00, 0x01, 0x00, 0x00, 0x00,
  0x41, 0x6e, 0x64, 0x72, 0x6f, 0x69, 0x64, 0x00, 0x1f, 0x00, 0x00, 0x00,
  0x04, 0x00, 0x00, 0x00, 0x10, 0x00, 0x00, 0x00, 0x03, 0x00, 0x00, 0x00,
  0x47, 0x4e, 0x55, 0x00, 0x74, 0xd7, 0xbf, 0x2e, 0xad, 0x06, 0x16, 0xff,
  0x5b, 0x7a, 0xdc, 0xed, 0x3c, 0x0e, 0xe3, 0x33, 0x00, 0x00, 0x00, 0x00,
  0x00, 0x00, 0x00, 0x00, 0x00, 0x00, 0x00, 0x00, 0x00, 0x00, 0x00, 0x00,
  0x00, 0x00, 0x00, 0x00, 0x00, 0x00, 0x00, 0x00, 0x01, 0x00, 0x00, 0x00,
  0x12, 0x00, 0x00, 0x00, 0x00, 0x00, 0x00, 0x00, 0x00, 0x00, 0x00, 0x00,
  0x00, 0x00, 0x00, 0x00, 0x00, 0x00, 0x00, 0x00, 0x0d, 0x00, 0x00, 0x00,
  0x12, 0x00, 0x00, 0x00, 0x00, 0x00, 0x00, 0x00, 0x00, 0x00, 0x00, 0x00,
  0x00, 0x00, 0x00, 0x00, 0x00, 0x00, 0x00, 0x00, 0xca, 0x00, 0x00, 0x00,
  0x12, 0x00, 0x00, 0x00, 0x00, 0x00, 0x00, 0x00, 0x00, 0x00, 0x00, 0x00,
  0x00, 0x00, 0x00, 0x00, 0x00, 0x00, 0x00, 0x00, 0xa8, 0x01, 0x00, 0x00,
  0x12, 0x00, 0x00, 0x00, 0x00, 0x00, 0x00, 0x00, 0x00, 0x00, 0x00, 0x00,
  0x00, 0x00, 0x00, 0x00, 0x00, 0x00, 0x00, 0x00, 0x83, 0x02, 0x00, 0x00,
  0x12, 0x00, 0x00, 0x00, 0x00, 0x00, 0x00, 0x00, 0x00, 0x00, 0x00, 0x00,
  0x00, 0x00, 0x00, 0x00, 0x00, 0x00, 0x00, 0x00, 0x61, 0x03, 0x00, 0x00,
  0x12, 0x00, 0x00, 0x00, 0x00, 0x00, 0x00, 0x00, 0x00, 0x00, 0x00, 0x00,
  0x00, 0x00, 0x00, 0x00, 0x00, 0x00, 0x00, 0x00, 0x21, 0x04, 0x00, 0x00,
  0x12, 0x00, 0x00, 0x00, 0x00, 0x00, 0x00, 0x00, 0x00, 0x00, 0x00, 0x00,
  0x00, 0x00, 0x00, 0x00, 0x00, 0x00, 0x00, 0x00, 0x9e, 0x04, 0x00, 0x00,
  0x12, 0x00, 0x00, 0x00, 0x00, 0x00, 0x00, 0x00, 0x00, 0x00, 0x00, 0x00,
  0x00, 0x00, 0x00, 0x00, 0x00, 0x00, 0x00, 0x00, 0xa3, 0x05, 0x00, 0x00,
  0x12, 0x00, 0x00, 0x00, 0x00, 0x00, 0x00, 0x00, 0x00, 0x00, 0x00, 0x00,
  0x00, 0x00, 0x00, 0x00, 0x00, 0x00, 0x00, 0x00, 0xa8, 0x06, 0x00, 0x00,
  0x12, 0x00, 0x00, 0x00, 0x00, 0x00, 0x00, 0x00, 0x00, 0x00, 0x00, 0x00,
  0x00, 0x00, 0x00, 0x00, 0x00, 0x00, 0x00, 0x00, 0x9a, 0x07, 0x00, 0x00,
  0x12, 0x00, 0x00, 0x00, 0x00, 0x00, 0x00, 0x00, 0x00, 0x00, 0x00, 0x00,
  0x00, 0x00, 0x00, 0x00, 0x00, 0x00, 0x00, 0x00, 0xac, 0x08, 0x00, 0x00,
  0x12, 0x00, 0x00, 0x00, 0x00, 0x00, 0x00, 0x00, 0x00, 0x00, 0x00, 0x00,
  0x00, 0x00, 0x00, 0x00, 0x00, 0x00, 0x00, 0x00, 0x12, 0x09, 0x00, 0x00,
  0x12, 0x00, 0x00, 0x00, 0x00, 0x00, 0x00, 0x00, 0x00, 0x00, 0x00, 0x00,
  0x00, 0x00, 0x00, 0x00, 0x00, 0x00, 0x00, 0x00, 0x78, 0x09, 0x00, 0x00,
  0x12, 0x00, 0x00, 0x00, 0x00, 0x00, 0x00, 0x00, 0x00, 0x00, 0x00, 0x00,
  0x00, 0x00, 0x00, 0x00, 0x00, 0x00, 0x00, 0x00, 0x01, 0x0a, 0x00, 0x00,
  0x12, 0x00, 0x00, 0x00, 0x00, 0x00, 0x00, 0x00, 0x00, 0x00, 0x00, 0x00,
  0x00, 0x00, 0x00, 0x00, 0x00, 0x00, 0x00, 0x00, 0x90, 0x0a, 0x00, 0x00,
  0x12, 0x00, 0x00, 0x00, 0x00, 0x00, 0x00, 0x00, 0x00, 0x00, 0x00, 0x00,
  0x00, 0x00, 0x00, 0x00, 0x00, 0x00, 0x00, 0x00, 0x35, 0x0b, 0x00, 0x00,
  0x12, 0x00, 0x00, 0x00, 0x00, 0x00, 0x00, 0x00, 0x00, 0x00, 0x00, 0x00,
  0x00, 0x00, 0x00, 0x00, 0x00, 0x00, 0x00, 0x00, 0xbf, 0x0b, 0x00, 0x00,
  0x12, 0x00, 0x00, 0x00, 0x00, 0x00, 0x00, 0x00, 0x00, 0x00, 0x00, 0x00,
  0x00, 0x00, 0x00, 0x00, 0x00, 0x00, 0x00, 0x00, 0x5d, 0x0c, 0x00, 0x00,
  0x12, 0x00, 0x00, 0x00, 0x00, 0x00, 0x00, 0x00, 0x00, 0x00, 0x00, 0x00,
  0x00, 0x00, 0x00, 0x00, 0x00, 0x00, 0x00, 0x00, 0xf8, 0x0c, 0x00, 0x00,
  0x12, 0x00, 0x00, 0x00, 0x00, 0x00, 0x00, 0x00, 0x00, 0x00, 0x00, 0x00,
  0x00, 0x00, 0x00, 0x00, 0x00, 0x00, 0x00, 0x00, 0x8b, 0x0d, 0x00, 0x00,
  0x12, 0x00, 0x00, 0x00, 0x00, 0x00, 0x00, 0x00, 0x00, 0x00, 0x00, 0x00,
  0x00, 0x00, 0x00, 0x00, 0x00, 0x00, 0x00, 0x00, 0xe9, 0x0d, 0x00, 0x00,
  0x12, 0x00, 0x00, 0x00, 0x00, 0x00, 0x00, 0x00, 0x00, 0x00, 0x00, 0x00,
  0x00, 0x00, 0x00, 0x00, 0x00, 0x00, 0x00, 0x00, 0x47, 0x0e, 0x00, 0x00,
  0x12, 0x00, 0x00, 0x00, 0x00, 0x00, 0x00, 0x00, 0x00, 0x00, 0x00, 0x00,
  0x00, 0x00, 0x00, 0x00, 0x00, 0x00, 0x00, 0x00, 0x93, 0x0e, 0x00, 0x00,
  0x12, 0x00, 0x00, 0x00, 0x00, 0x00, 0x00, 0x00, 0x00, 0x00, 0x00, 0x00,
  0x00, 0x00, 0x00, 0x00, 0x00, 0x00, 0x00, 0x00, 0x25, 0x0f, 0x00, 0x00,
  0x12, 0x00, 0x00, 0x00, 0x00, 0x00, 0x00, 0x00, 0x00, 0x00, 0x00, 0x00,
  0x00, 0x00, 0x00, 0x00, 0x00, 0x00, 0x00, 0x00, 0x4c, 0x0f, 0x00, 0x00,
  0x12, 0x00, 0x00, 0x00, 0x00, 0x00, 0x00, 0x00, 0x00, 0x00, 0x00, 0x00,
  0x00, 0x00, 0x00, 0x00, 0x00, 0x00, 0x00, 0x00, 0x6e, 0x0f, 0x00, 0x00,
  0x12, 0x00, 0x00, 0x00, 0x00, 0x00, 0x00, 0x00, 0x00, 0x00, 0x00, 0x00,
  0x00, 0x00, 0x00, 0x00, 0x00, 0x00, 0x00, 0x00, 0x95, 0x0f, 0x00, 0x00,
  0x12, 0x00, 0x00, 0x00, 0x00, 0x00, 0x00, 0x00, 0x00, 0x00, 0x00, 0x00,
  0x00, 0x00, 0x00, 0x00, 0x00, 0x00, 0x00, 0x00, 0xbe, 0x0f, 0x00, 0x00,
  0x12, 0x00, 0x00, 0x00, 0x00, 0x00, 0x00, 0x00, 0x00, 0x00, 0x00, 0x00,
  0x00, 0x00, 0x00, 0x00, 0x00, 0x00, 0x00, 0x00, 0xed, 0x0f, 0x00, 0x00,
  0x12, 0x00, 0x00, 0x00, 0x00, 0x00, 0x00, 0x00, 0x00, 0x00, 0x00, 0x00,
  0x00, 0x00, 0x00, 0x00, 0x00, 0x00, 0x00, 0x00, 0x05, 0x10, 0x00, 0x00,
  0x12, 0x00, 0x00, 0x00, 0x00, 0x00, 0x00, 0x00, 0x00, 0x00, 0x00, 0x00,
  0x00, 0x00, 0x00, 0x00, 0x00, 0x00, 0x00, 0x00, 0x1d, 0x10, 0x00, 0x00,
  0x12, 0x00, 0x00, 0x00, 0x00, 0x00, 0x00, 0x00, 0x00, 0x00, 0x00, 0x00,
  0x00, 0x00, 0x00, 0x00, 0x00, 0x00, 0x00, 0x00, 0x47, 0x10, 0x00, 0x00,
  0x12, 0x00, 0x00, 0x00, 0x00, 0x00, 0x00, 0x00, 0x00, 0x00, 0x00, 0x00,
  0x00, 0x00, 0x00, 0x00, 0x00, 0x00, 0x00, 0x00, 0x77, 0x10, 0x00, 0x00,
  0x12, 0x00, 0x00, 0x00, 0x00, 0x00, 0x00, 0x00, 0x00, 0x00, 0x00, 0x00,
  0x00, 0x00, 0x00, 0x00, 0x00, 0x00, 0x00, 0x00, 0x9a, 0x10, 0x00, 0x00,
  0x12, 0x00, 0x00, 0x00, 0x00, 0x00, 0x00, 0x00, 0x00, 0x00, 0x00, 0x00,
  0x00, 0x00, 0x00, 0x00, 0x00, 0x00, 0x00, 0x00, 0x3c, 0x11, 0x00, 0x00,
  0x12, 0x00, 0x00, 0x00, 0x00, 0x00, 0x00, 0x00, 0x00, 0x00, 0x00, 0x00,
  0x00, 0x00, 0x00, 0x00, 0x00, 0x00, 0x00, 0x00, 0x43, 0x11, 0x00, 0x00,
  0x12, 0x00, 0x00, 0x00, 0x00, 0x00, 0x00, 0x00, 0x00, 0x00, 0x00, 0x00,
  0x00, 0x00, 0x00, 0x00, 0x00, 0x00, 0x00, 0x00, 0x49, 0x11, 0x00, 0x00,
  0x12, 0x00, 0x00, 0x00, 0x00, 0x00, 0x00, 0x00, 0x00, 0x00, 0x00, 0x00,
  0x00, 0x00, 0x00, 0x00, 0x00, 0x00, 0x00, 0x00, 0x5e, 0x11, 0x00, 0x00,
  0x12, 0x00, 0x00, 0x00, 0x00, 0x00, 0x00, 0x00, 0x00, 0x00, 0x00, 0x00,
  0x00, 0x00, 0x00, 0x00, 0x00, 0x00, 0x00, 0x00, 0x72, 0x11, 0x00, 0x00,
  0x12, 0x00, 0x00, 0x00, 0x00, 0x00, 0x00, 0x00, 0x00, 0x00, 0x00, 0x00,
  0x00, 0x00, 0x00, 0x00, 0x00, 0x00, 0x00, 0x00, 0xbd, 0x10, 0x00, 0x00,
  0x21, 0x00, 0x14, 0x00, 0x30, 0x40, 0x00, 0x00, 0x00, 0x00, 0x00, 0x00,
  0x38, 0x01, 0x00, 0x00, 0x00, 0x00, 0x00, 0x00, 0x00, 0x00, 0x02, 0x00,
  0x01, 0x00, 0x01, 0x00, 0x01, 0x00, 0x01, 0x00, 0x01, 0x00, 0x01, 0x00,
  0x01, 0x00, 0x01, 0x00, 0x01, 0x00, 0x01, 0x00, 0x01, 0x00, 0x01, 0x00,
  0x01, 0x00, 0x01, 0x00, 0x01, 0x00, 0x01, 0x00, 0x01, 0x00, 0x01, 0x00,
  0x01, 0x00, 0x01, 0x00, 0x01, 0x00, 0x01, 0x00, 0x01, 0x00, 0x01, 0x00,
  0x01, 0x00, 0x01, 0x00, 0x01, 0x00, 0x01, 0x00, 0x01, 0x00, 0x01, 0x00,
  0x01, 0x00, 0x01, 0x00, 0x01, 0x00, 0x01, 0x00, 0x01, 0x00, 0x01, 0x00,
  0x03, 0x00, 0x03, 0x00, 0x02, 0x00, 0x01, 0x00, 0x01, 0x00, 0x01, 0x00,
  0x83, 0x11, 0x00, 0x00, 0x20, 0x00, 0x00, 0x00, 0x10, 0x00, 0x00, 0x00,
  0x01, 0x00, 0x01, 0x00, 0x94, 0x11, 0x00, 0x00, 0x20, 0x00, 0x00, 0x00,
  0x00, 0x00, 0x00, 0x00, 0x37, 0x71, 0x0d, 0x05, 0x00, 0x00, 0x03, 0x00,
  0x8d, 0x11, 0x00, 0x00, 0x00, 0x00, 0x00, 0x00, 0x63, 0x0d, 0x05, 0x00,
  0x00, 0x00, 0x02, 0x00, 0x9c, 0x11, 0x00, 0x00, 0x00, 0x00, 0x00, 0x00,
  0x00, 0x00, 0x00, 0x00, 0x01, 0x00, 0x00, 0x00, 0x29, 0x00, 0x00, 0x00,
  0x01, 0x00, 0x00, 0x00, 0x1a, 0x00, 0x00, 0x00, 0x00, 0x00, 0x00, 0x02,
  0x00, 0x00, 0x00, 0x02, 0x29, 0x00, 0x00, 0x00, 0x99, 0x1d, 0xaa, 0xe6,
  0x00, 0x5f, 0x5f, 0x6c, 0x69, 0x62, 0x63, 0x5f, 0x69, 0x6e, 0x69, 0x74,
  0x00, 0x5f, 0x5a, 0x4e, 0x36, 0x76, 0x65, 0x6e, 0x64, 0x6f, 0x72, 0x37,
  0x73, 0x61, 0x6d, 0x73, 0x75, 0x6e, 0x67, 0x38, 0x68, 0x61, 0x72, 0x64,
  0x77, 0x61, 0x72, 0x65, 0x36, 0x63, 0x61, 0x6d, 0x65, 0x72, 0x61, 0x38,
  0x70, 0x72, 0x6f, 0x76, 0x69, 0x64, 0x65, 0x72, 0x34, 0x56, 0x34, 0x5f,
  0x30, 0x31, 0x34, 0x69, 0x6d, 0x70, 0x6c, 0x65, 0x6d, 0x65, 0x6e, 0x74,
  0x61, 0x74, 0x69, 0x6f, 0x6e, 0x33, 0x31, 0x53, 0x65, 0x68, 0x4c, 0x65,
  0x67, 0x61, 0x63, 0x79, 0x43, 0x61, 0x6d, 0x65, 0x72, 0x61, 0x50, 0x72,
  0x6f, 0x76, 0x69, 0x64, 0x65, 0x72, 0x49, 0x6d, 0x70, 0x6c, 0x5f, 0x34,
  0x5f, 0x30, 0x31, 0x31, 0x73, 0x65, 0x74, 0x43, 0x61, 0x6c, 0x6c, 0x62,
  0x61, 0x63, 0x6b, 0x45, 0x52, 0x4b, 0x4e, 0x37, 0x61, 0x6e, 0x64, 0x72,
  0x6f, 0x69, 0x64, 0x32, 0x73, 0x70, 0x49, 0x4e, 0x53, 0x37, 0x5f, 0x38,
  0x68, 0x61, 0x72, 0x64, 0x77, 0x61, 0x72, 0x65, 0x36, 0x63, 0x61, 0x6d,
  0x65, 0x72, 0x61, 0x38, 0x70, 0x72, 0x6f, 0x76, 0x69, 0x64, 0x65, 0x72,
  0x34, 0x56, 0x32, 0x5f, 0x34, 0x32, 0x33, 0x49, 0x43, 0x61, 0x6d, 0x65,
  0x72, 0x61, 0x50, 0x72, 0x6f, 0x76, 0x69, 0x64, 0x65, 0x72, 0x43, 0x61,
  0x6c, 0x6c, 0x62, 0x61, 0x63, 0x6b, 0x45, 0x45, 0x45, 0x00, 0x5f, 0x5a,
  0x4e, 0x36, 0x76, 0x65, 0x6e, 0x64, 0x6f, 0x72, 0x37, 0x73, 0x61, 0x6d,
  0x73, 0x75, 0x6e, 0x67, 0x38, 0x68, 0x61, 0x72, 0x64, 0x77, 0x61, 0x72,
  0x65, 0x36, 0x63, 0x61, 0x6d, 0x65, 0x72, 0x61, 0x38, 0x70, 0x72, 0x6f,
  0x76, 0x69, 0x64, 0x65, 0x72, 0x34, 0x56, 0x34, 0x5f, 0x30, 0x31, 0x34,
  0x69, 0x6d, 0x70, 0x6c, 0x65, 0x6d, 0x65, 0x6e, 0x74, 0x61, 0x74, 0x69,
  0x6f, 0x6e, 0x33, 0x31, 0x53, 0x65, 0x68, 0x4c, 0x65, 0x67, 0x61, 0x63,
  0x79, 0x43, 0x61, 0x6d, 0x65, 0x72, 0x61, 0x50, 0x72, 0x6f, 0x76, 0x69,
  0x64, 0x65, 0x72, 0x49, 0x6d, 0x70, 0x6c, 0x5f, 0x34, 0x5f, 0x30, 0x31,
  0x33, 0x67, 0x65, 0x74, 0x56, 0x65, 0x6e, 0x64, 0x6f, 0x72, 0x54, 0x61,
  0x67, 0x73, 0x45, 0x4e, 0x53, 0x74, 0x33, 0x5f, 0x5f, 0x31, 0x38, 0x66,
  0x75, 0x6e, 0x63, 0x74, 0x69, 0x6f, 0x6e, 0x49, 0x46, 0x76, 0x4e, 0x37,
  0x61, 0x6e, 0x64, 0x72, 0x6f, 0x69, 0x64, 0x38, 0x68, 0x61, 0x72, 0x64,
  0x77, 0x61, 0x72, 0x65, 0x36, 0x63, 0x61, 0x6d, 0x65, 0x72, 0x61, 0x36,
  0x63, 0x6f, 0x6d, 0x6d, 0x6f, 0x6e, 0x34, 0x56, 0x31, 0x5f, 0x30, 0x36,
  0x53, 0x74, 0x61, 0x74, 0x75, 0x73, 0x45, 0x52, 0x4b, 0x4e, 0x53, 0x41,
  0x5f, 0x38, 0x68, 0x69, 0x64, 0x6c, 0x5f, 0x76, 0x65, 0x63, 0x49, 0x4e,
  0x53, 0x44, 0x5f, 0x31, 0x36, 0x56, 0x65, 0x6e, 0x64, 0x6f, 0x72, 0x54,
  0x61, 0x67, 0x53, 0x65, 0x63, 0x74, 0x69, 0x6f, 0x6e, 0x45, 0x45, 0x45,
  0x45, 0x45, 0x45, 0x00, 0x5f, 0x5a, 0x4e, 0x36, 0x76, 0x65, 0x6e, 0x64,
  0x6f, 0x72, 0x37, 0x73, 0x61, 0x6d, 0x73, 0x75, 0x6e, 0x67, 0x38, 0x68,
  0x61, 0x72, 0x64, 0x77, 0x61, 0x72, 0x65, 0x36, 0x63, 0x61, 0x6d, 0x65,
  0x72, 0x61, 0x38, 0x70, 0x72, 0x6f, 0x76, 0x69, 0x64, 0x65, 0x72, 0x34,
  0x56, 0x34, 0x5f, 0x30, 0x31, 0x34, 0x69, 0x6d, 0x70, 0x6c, 0x65, 0x6d,
  0x65, 0x6e, 0x74, 0x61, 0x74, 0x69, 0x6f, 0x6e, 0x33, 0x31, 0x53, 0x65,
  0x68, 0x4c, 0x65, 0x67, 0x61, 0x63, 0x79, 0x43, 0x61, 0x6d, 0x65, 0x72,
  0x61, 0x50, 0x72, 0x6f, 0x76, 0x69, 0x64, 0x65, 0x72, 0x49, 0x6d, 0x70,
  0x6c, 0x5f, 0x34, 0x5f, 0x30, 0x31, 0x35, 0x67, 0x65, 0x74, 0x43, 0x61,
  0x6d, 0x65, 0x72, 0x61, 0x49, 0x64, 0x4c, 0x69, 0x73, 0x74, 0x45, 0x4e,
  0x53, 0x74, 0x33, 0x5f, 0x5f, 0x31, 0x38, 0x66, 0x75, 0x6e, 0x63, 0x74,
  0x69, 0x6f, 0x6e, 0x49, 0x46, 0x76, 0x4e, 0x37, 0x61, 0x6e, 0x64, 0x72,
  0x6f, 0x69, 0x64, 0x38, 0x68, 0x61, 0x72, 0x64, 0x77, 0x61, 0x72, 0x65,
  0x36, 0x63, 0x61, 0x6d, 0x65, 0x72, 0x61, 0x36, 0x63, 0x6f, 0x6d, 0x6d,
  0x6f, 0x6e, 0x34, 0x56, 0x31, 0x5f, 0x30, 0x36, 0x53, 0x74, 0x61, 0x74,
  0x75, 0x73, 0x45, 0x52, 0x4b, 0x4e, 0x53, 0x41, 0x5f, 0x38, 0x68, 0x69,
  0x64, 0x6c, 0x5f, 0x76, 0x65, 0x63, 0x49, 0x4e, 0x53, 0x41, 0x5f, 0x31,
  0x31, 0x68, 0x69, 0x64, 0x6c, 0x5f, 0x73, 0x74, 0x72, 0x69, 0x6e, 0x67,
  0x45, 0x45, 0x45, 0x45, 0x45, 0x45, 0x00, 0x5f, 0x5a, 0x4e, 0x36, 0x76,
  0x65, 0x6e, 0x64, 0x6f, 0x72, 0x37, 0x73, 0x61, 0x6d, 0x73, 0x75, 0x6e,
  0x67, 0x38, 0x68, 0x61, 0x72, 0x64, 0x77, 0x61, 0x72, 0x65, 0x36, 0x63,
  0x61, 0x6d, 0x65, 0x72, 0x61, 0x38, 0x70, 0x72, 0x6f, 0x76, 0x69, 0x64,
  0x65, 0x72, 0x34, 0x56, 0x34, 0x5f, 0x30, 0x31, 0x34, 0x69, 0x6d, 0x70,
  0x6c, 0x65, 0x6d, 0x65, 0x6e, 0x74, 0x61, 0x74, 0x69, 0x6f, 0x6e, 0x33,
  0x31, 0x53, 0x65, 0x68, 0x4c, 0x65, 0x67, 0x61, 0x63, 0x79, 0x43, 0x61,
  0x6d, 0x65, 0x72, 0x61, 0x50, 0x72, 0x6f, 0x76, 0x69, 0x64, 0x65, 0x72,
  0x49, 0x6d, 0x70, 0x6c, 0x5f, 0x34, 0x5f, 0x30, 0x31, 0x38, 0x73, 0x65,
  0x68, 0x47, 0x65, 0x74, 0x43, 0x61, 0x6d, 0x65, 0x72, 0x61, 0x49, 0x64,
  0x4c, 0x69, 0x73, 0x74, 0x45, 0x4e, 0x53, 0x74, 0x33, 0x5f, 0x5f, 0x31,
  0x38, 0x66, 0x75, 0x6e, 0x63, 0x74, 0x69, 0x6f, 0x6e, 0x49, 0x46, 0x76,
  0x4e, 0x37, 0x61, 0x6e, 0x64, 0x72, 0x6f, 0x69, 0x64, 0x38, 0x68, 0x61,
  0x72, 0x64, 0x77, 0x61, 0x72, 0x65, 0x36, 0x63, 0x61, 0x6d, 0x65, 0x72,
  0x61, 0x36, 0x63, 0x6f, 0x6d, 0x6d, 0x6f, 0x6e, 0x34, 0x56, 0x31, 0x5f,
  0x30, 0x36, 0x53, 0x74, 0x61, 0x74, 0x75, 0x73, 0x45, 0x52, 0x4b, 0x4e,
  0x53, 0x41, 0x5f, 0x38, 0x68, 0x69, 0x64, 0x6c, 0x5f, 0x76, 0x65, 0x63,
  0x49, 0x4e, 0x53, 0x41, 0x5f, 0x31, 0x31, 0x68, 0x69, 0x64, 0x6c, 0x5f,
  0x73, 0x74, 0x72, 0x69, 0x6e, 0x67, 0x45, 0x45, 0x45, 0x45, 0x45, 0x45,
  0x00, 0x5f, 0x5a, 0x4e, 0x36, 0x76, 0x65, 0x6e, 0x64, 0x6f, 0x72, 0x37,
  0x73, 0x61, 0x6d, 0x73, 0x75, 0x6e, 0x67, 0x38, 0x68, 0x61, 0x72, 0x64,
  0x77, 0x61, 0x72, 0x65, 0x36, 0x63, 0x61, 0x6d, 0x65, 0x72, 0x61, 0x38,
  0x70, 0x72, 0x6f, 0x76, 0x69, 0x64, 0x65, 0x72, 0x34, 0x56, 0x34, 0x5f,
  0x30, 0x31, 0x34, 0x69, 0x6d, 0x70, 0x6c, 0x65, 0x6d, 0x65, 0x6e, 0x74,
  0x61, 0x74, 0x69, 0x6f, 0x6e, 0x33, 0x31, 0x53, 0x65, 0x68, 0x4c, 0x65,
  0x67, 0x61, 0x63, 0x79, 0x43, 0x61, 0x6d, 0x65, 0x72, 0x61, 0x50, 0x72,
  0x6f, 0x76, 0x69, 0x64, 0x65, 0x72, 0x49, 0x6d, 0x70, 0x6c, 0x5f, 0x34,
  0x5f, 0x30, 0x32, 0x33, 0x69, 0x73, 0x53, 0x65, 0x74, 0x54, 0x6f, 0x72,
  0x63, 0x68, 0x4d, 0x6f, 0x64, 0x65, 0x53, 0x75, 0x70, 0x70, 0x6f, 0x72,
  0x74, 0x65, 0x64, 0x45, 0x4e, 0x53, 0x74, 0x33, 0x5f, 0x5f, 0x31, 0x38,
  0x66, 0x75, 0x6e, 0x63, 0x74, 0x69, 0x6f, 0x6e, 0x49, 0x46, 0x76, 0x4e,
  0x37, 0x61, 0x6e, 0x64, 0x72, 0x6f, 0x69, 0x64, 0x38, 0x68, 0x61, 0x72,
  0x64, 0x77, 0x61, 0x72, 0x65, 0x36, 0x63, 0x61, 0x6d, 0x65, 0x72, 0x61,
  0x36, 0x63, 0x6f, 0x6d, 0x6d, 0x6f, 0x6e, 0x34, 0x56, 0x31, 0x5f, 0x30,
  0x36, 0x53, 0x74, 0x61, 0x74, 0x75, 0x73, 0x45, 0x62, 0x45, 0x45, 0x45,
  0x00, 0x5f, 0x5a, 0x4e, 0x36, 0x76, 0x65, 0x6e, 0x64, 0x6f, 0x72, 0x37,
  0x73, 0x61, 0x6d, 0x73, 0x75, 0x6e, 0x67, 0x38, 0x68, 0x61, 0x72, 0x64,
  0x77, 0x61, 0x72, 0x65, 0x36, 0x63, 0x61, 0x6d, 0x65, 0x72, 0x61, 0x38,
  0x70, 0x72, 0x6f, 0x76, 0x69, 0x64, 0x65, 0x72, 0x34, 0x56, 0x34, 0x5f,
  0x30, 0x31, 0x34, 0x69, 0x6d, 0x70, 0x6c, 0x65, 0x6d, 0x65, 0x6e, 0x74,
  0x61, 0x74, 0x69, 0x6f, 0x6e, 0x33, 0x31, 0x53, 0x65, 0x68, 0x4c, 0x65,
  0x67, 0x61, 0x63, 0x79, 0x43, 0x61, 0x6d, 0x65, 0x72, 0x61, 0x50, 0x72,
  0x6f, 0x76, 0x69, 0x64, 0x65, 0x72, 0x49, 0x6d, 0x70, 0x6c, 0x5f, 0x34,
  0x5f, 0x30, 0x32, 0x33, 0x6e, 0x6f, 0x74, 0x69, 0x66, 0x79, 0x44, 0x65,
  0x76, 0x69, 0x63, 0x65, 0x53, 0x74, 0x61, 0x74, 0x65, 0x43, 0x68, 0x61,
  0x6e, 0x67, 0x65, 0x45, 0x6d, 0x00, 0x5f, 0x5a, 0x4e, 0x36, 0x76, 0x65,
  0x6e, 0x64, 0x6f, 0x72, 0x37, 0x73, 0x61, 0x6d, 0x73, 0x75, 0x6e, 0x67,
  0x38, 0x68, 0x61, 0x72, 0x64, 0x77, 0x61, 0x72, 0x65, 0x36, 0x63, 0x61,
  0x6d, 0x65, 0x72, 0x61, 0x38, 0x70, 0x72, 0x6f, 0x76, 0x69, 0x64, 0x65,
  0x72, 0x34, 0x56, 0x34, 0x5f, 0x30, 0x31, 0x34, 0x69, 0x6d, 0x70, 0x6c,
  0x65, 0x6d, 0x65, 0x6e, 0x74, 0x61, 0x74, 0x69, 0x6f, 0x6e, 0x33, 0x31,
  0x53, 0x65, 0x68, 0x4c, 0x65, 0x67, 0x61, 0x63, 0x79, 0x43, 0x61, 0x6d,
  0x65, 0x72, 0x61, 0x50, 0x72, 0x6f, 0x76, 0x69, 0x64, 0x65, 0x72, 0x49,
  0x6d, 0x70, 0x6c, 0x5f, 0x34, 0x5f, 0x30, 0x32, 0x39, 0x67, 0x65, 0x74,
  0x43, 0x61, 0x6d, 0x65, 0x72, 0x61, 0x44, 0x65, 0x76, 0x69, 0x63, 0x65,
  0x49, 0x6e, 0x74, 0x65, 0x72, 0x66, 0x61, 0x63, 0x65, 0x5f, 0x56, 0x31,
  0x5f, 0x78, 0x45, 0x52, 0x4b, 0x4e, 0x37, 0x61, 0x6e, 0x64, 0x72, 0x6f,
  0x69, 0x64, 0x38, 0x68, 0x61, 0x72, 0x64, 0x77, 0x61, 0x72, 0x65, 0x31,
  0x31, 0x68, 0x69, 0x64, 0x6c, 0x5f, 0x73, 0x74, 0x72, 0x69, 0x6e, 0x67,
  0x45, 0x4e, 0x53, 0x74, 0x33, 0x5f, 0x5f, 0x31, 0x38, 0x66, 0x75, 0x6e,
  0x63, 0x74, 0x69, 0x6f, 0x6e, 0x49, 0x46, 0x76, 0x4e, 0x53, 0x38, 0x5f,
  0x36, 0x63, 0x61, 0x6d, 0x65, 0x72, 0x61, 0x36, 0x63, 0x6f, 0x6d, 0x6d,
  0x6f, 0x6e, 0x34, 0x56, 0x31, 0x5f, 0x30, 0x36, 0x53, 0x74, 0x61, 0x74,
  0x75, 0x73, 0x45, 0x52, 0x4b, 0x4e, 0x53, 0x37, 0x5f, 0x32, 0x73, 0x70,
  0x49, 0x4e, 0x53, 0x45, 0x5f, 0x36, 0x64, 0x65, 0x76, 0x69, 0x63, 0x65,
  0x34, 0x56, 0x31, 0x5f, 0x30, 0x31, 0x33, 0x49, 0x43, 0x61, 0x6d, 0x65,
  0x72, 0x61, 0x44, 0x65, 0x76, 0x69, 0x63, 0x65, 0x45, 0x45, 0x45, 0x45,
  0x45, 0x45, 0x00, 0x5f, 0x5a, 0x4e, 0x36, 0x76, 0x65, 0x6e, 0x64, 0x6f,
  0x72, 0x37, 0x73, 0x61, 0x6d, 0x73, 0x75, 0x6e, 0x67, 0x38, 0x68, 0x61,
  0x72, 0x64, 0x77, 0x61, 0x72, 0x65, 0x36, 0x63, 0x61, 0x6d, 0x65, 0x72,
  0x61, 0x38, 0x70, 0x72, 0x6f, 0x76, 0x69, 0x64, 0x65, 0x72, 0x34, 0x56,
  0x34, 0x5f, 0x30, 0x31, 0x34, 0x69, 0x6d, 0x70, 0x6c, 0x65, 0x6d, 0x65,
  0x6e, 0x74, 0x61, 0x74, 0x69, 0x6f, 0x6e, 0x33, 0x31, 0x53, 0x65, 0x68,
  0x4c, 0x65, 0x67, 0x61, 0x63, 0x79, 0x43, 0x61, 0x6d, 0x65, 0x72, 0x61,
  0x50, 0x72, 0x6f, 0x76, 0x69, 0x64, 0x65, 0x72, 0x49, 0x6d, 0x70, 0x6c,
  0x5f, 0x34, 0x5f, 0x30, 0x32, 0x39, 0x67, 0x65, 0x74, 0x43, 0x61, 0x6d,
  0x65, 0x72, 0x61, 0x44, 0x65, 0x76, 0x69, 0x63, 0x65, 0x49, 0x6e, 0x74,
  0x65, 0x72, 0x66, 0x61, 0x63, 0x65, 0x5f, 0x56, 0x33, 0x5f, 0x78, 0x45,
  0x52, 0x4b, 0x4e, 0x37, 0x61, 0x6e, 0x64, 0x72, 0x6f, 0x69, 0x64, 0x38,
  0x68, 0x61, 0x72, 0x64, 0x77, 0x61, 0x72, 0x65, 0x31, 0x31, 0x68, 0x69,
  0x64, 0x6c, 0x5f, 0x73, 0x74, 0x72, 0x69, 0x6e, 0x67, 0x45, 0x4e, 0x53,
  0x74, 0x33, 0x5f, 0x5f, 0x31, 0x38, 0x66, 0x75, 0x6e, 0x63, 0x74, 0x69,
  0x6f, 0x6e, 0x49, 0x46, 0x76, 0x4e, 0x53, 0x38, 0x5f, 0x36, 0x63, 0x61,
  0x6d, 0x65, 0x72, 0x61, 0x36, 0x63, 0x6f, 0x6d, 0x6d, 0x6f, 0x6e, 0x34,
  0x56, 0x31, 0x5f, 0x30, 0x36, 0x53, 0x74, 0x61, 0x74, 0x75, 0x73, 0x45,
  0x52, 0x4b, 0x4e, 0x53, 0x37, 0x5f, 0x32, 0x73, 0x70, 0x49, 0x4e, 0x53,
  0x45, 0x5f, 0x36, 0x64, 0x65, 0x76, 0x69, 0x63, 0x65, 0x34, 0x56, 0x33,
  0x5f, 0x32, 0x31, 0x33, 0x49, 0x43, 0x61, 0x6d, 0x65, 0x72, 0x61, 0x44,
  0x65, 0x76, 0x69, 0x63, 0x65, 0x45, 0x45, 0x45, 0x45, 0x45, 0x45, 0x00,
  0x5f, 0x5a, 0x4e, 0x36, 0x76, 0x65, 0x6e, 0x64, 0x6f, 0x72, 0x37, 0x73,
  0x61, 0x6d, 0x73, 0x75, 0x6e, 0x67, 0x38, 0x68, 0x61, 0x72, 0x64, 0x77,
  0x61, 0x72, 0x65, 0x36, 0x63, 0x61, 0x6d, 0x65, 0x72, 0x61, 0x38, 0x70,
  0x72, 0x6f, 0x76, 0x69, 0x64, 0x65, 0x72, 0x34, 0x56, 0x34, 0x5f, 0x30,
  0x31, 0x34, 0x69, 0x6d, 0x70, 0x6c, 0x65, 0x6d, 0x65, 0x6e, 0x74, 0x61,
  0x74, 0x69, 0x6f, 0x6e, 0x33, 0x31, 0x53, 0x65, 0x68, 0x4c, 0x65, 0x67,
  0x61, 0x63, 0x79, 0x43, 0x61, 0x6d, 0x65, 0x72, 0x61, 0x50, 0x72, 0x6f,
  0x76, 0x69, 0x64, 0x65, 0x72, 0x49, 0x6d, 0x70, 0x6c, 0x5f, 0x34, 0x5f,
  0x30, 0x33, 0x31, 0x67, 0x65, 0x74, 0x43, 0x6f, 0x6e, 0x63, 0x75, 0x72,
  0x72, 0x65, 0x6e, 0x74, 0x53, 0x74, 0x72, 0x65, 0x61, 0x6d, 0x69, 0x6e,
  0x67, 0x43, 0x61, 0x6d, 0x65, 0x72, 0x61, 0x49, 0x64, 0x73, 0x45, 0x4e,
  0x53, 0x74, 0x33, 0x5f, 0x5f, 0x31, 0x38, 0x66, 0x75, 0x6e, 0x63, 0x74,
  0x69, 0x6f, 0x6e, 0x49, 0x46, 0x76, 0x4e, 0x37, 0x61, 0x6e, 0x64, 0x72,
  0x6f, 0x69, 0x64, 0x38, 0x68, 0x61, 0x72, 0x64, 0x77, 0x61, 0x72, 0x65,
  0x36, 0x63, 0x61, 0x6d, 0x65, 0x72, 0x61, 0x36, 0x63, 0x6f, 0x6d, 0x6d,
  0x6f, 0x6e, 0x34, 0x56, 0x31, 0x5f, 0x30, 0x36, 0x53, 0x74, 0x61, 0x74,
  0x75, 0x73, 0x45, 0x52, 0x4b, 0x4e, 0x53, 0x41, 0x5f, 0x38, 0x68, 0x69,
  0x64, 0x6c, 0x5f, 0x76, 0x65, 0x63, 0x49, 0x4e, 0x53, 0x46, 0x5f, 0x49,
  0x4e, 0x53, 0x41, 0x5f, 0x31, 0x31, 0x68, 0x69, 0x64, 0x6c, 0x5f, 0x73,
  0x74, 0x72, 0x69, 0x6e, 0x67, 0x45, 0x45, 0x45, 0x45, 0x45, 0x45, 0x45,
  0x45, 0x00, 0x5f, 0x5a, 0x4e, 0x36, 0x76, 0x65, 0x6e, 0x64, 0x6f, 0x72,
  0x37, 0x73, 0x61, 0x6d, 0x73, 0x75, 0x6e, 0x67, 0x38, 0x68, 0x61, 0x72,
  0x64, 0x77, 0x61, 0x72, 0x65, 0x36, 0x63, 0x61, 0x6d, 0x65, 0x72, 0x61,
  0x38, 0x70, 0x72, 0x6f, 0x76, 0x69, 0x64, 0x65, 0x72, 0x34, 0x56, 0x34,
  0x5f, 0x30, 0x31, 0x34, 0x69, 0x6d, 0x70, 0x6c, 0x65, 0x6d, 0x65, 0x6e,
  0x74, 0x61, 0x74, 0x69, 0x6f, 0x6e, 0x33, 0x31, 0x53, 0x65, 0x68, 0x4c,
  0x65, 0x67, 0x61, 0x63, 0x79, 0x43, 0x61, 0x6d, 0x65, 0x72, 0x61, 0x50,
  0x72, 0x6f, 0x76, 0x69, 0x64, 0x65, 0x72, 0x49, 0x6d, 0x70, 0x6c, 0x5f,
  0x34, 0x5f, 0x30, 0x33, 0x38, 0x69, 0x73, 0x43, 0x6f, 0x6e, 0x63, 0x75,
  0x72, 0x72, 0x65, 0x6e, 0x74, 0x53, 0x74, 0x72, 0x65, 0x61, 0x6d, 0x43,
  0x6f, 0x6d, 0x62, 0x69, 0x6e, 0x61, 0x74, 0x69, 0x6f, 0x6e, 0x53, 0x75,
  0x70, 0x70, 0x6f, 0x72, 0x74, 0x65, 0x64, 0x45, 0x52, 0x4b, 0x4e, 0x37,
  0x61, 0x6e, 0x64, 0x72, 0x6f, 0x69, 0x64, 0x38, 0x68, 0x61, 0x72, 0x64,
  0x77, 0x61, 0x72, 0x65, 0x38, 0x68, 0x69, 0x64, 0x6c, 0x5f, 0x76, 0x65,
  0x63, 0x49, 0x4e, 0x53, 0x38, 0x5f, 0x36, 0x63, 0x61, 0x6d, 0x65, 0x72,
  0x61, 0x38, 0x70, 0x72, 0x6f, 0x76, 0x69, 0x64, 0x65, 0x72, 0x34, 0x56,
  0x32, 0x5f, 0x36, 0x32, 0x38, 0x43, 0x61, 0x6d, 0x65, 0x72, 0x61, 0x49,
  0x64, 0x41, 0x6e, 0x64, 0x53, 0x74, 0x72, 0x65, 0x61, 0x6d, 0x43, 0x6f,
  0x6d, 0x62, 0x69, 0x6e, 0x61, 0x74, 0x69, 0x6f, 0x6e, 0x45, 0x45, 0x45,
  0x4e, 0x53, 0x74, 0x33, 0x5f, 0x5f, 0x31, 0x38, 0x66, 0x75, 0x6e, 0x63,
  0x74, 0x69, 0x6f, 0x6e, 0x49, 0x46, 0x76, 0x4e, 0x53, 0x41, 0x5f, 0x36,
  0x63, 0x6f, 0x6d, 0x6d, 0x6f, 0x6e, 0x34, 0x56, 0x31, 0x5f, 0x30, 0x36,
  0x53, 0x74, 0x61, 0x74, 0x75, 0x73, 0x45, 0x62, 0x45, 0x45, 0x45, 0x00,
  0x5f, 0x5a, 0x4e, 0x36, 0x76, 0x65, 0x6e, 0x64, 0x6f, 0x72, 0x37, 0x73,
  0x61, 0x6d, 0x73, 0x75, 0x6e, 0x67, 0x38, 0x68, 0x61, 0x72, 0x64, 0x77,
  0x61, 0x72, 0x65, 0x36, 0x63, 0x61, 0x6d, 0x65, 0x72, 0x61, 0x38, 0x70,
  0x72, 0x6f, 0x76, 0x69, 0x64, 0x65, 0x72, 0x34, 0x56, 0x34, 0x5f, 0x30,
  0x31, 0x34, 0x69, 0x6d, 0x70, 0x6c, 0x65, 0x6d, 0x65, 0x6e, 0x74, 0x61,
  0x74, 0x69, 0x6f, 0x6e, 0x33, 0x31, 0x53, 0x65, 0x68, 0x4c, 0x65, 0x67,
  0x61, 0x63, 0x79, 0x43, 0x61, 0x6d, 0x65, 0x72, 0x61, 0x50, 0x72, 0x6f,
  0x76, 0x69, 0x64, 0x65, 0x72, 0x49, 0x6d, 0x70, 0x6c, 0x5f, 0x34, 0x5f,
  0x30, 0x43, 0x31, 0x45, 0x76, 0x00, 0x5f, 0x5a, 0x4e, 0x36, 0x76, 0x65,
  0x6e, 0x64, 0x6f, 0x72, 0x37, 0x73, 0x61, 0x6d, 0x73, 0x75, 0x6e, 0x67,
  0x38, 0x68, 0x61, 0x72, 0x64, 0x77, 0x61, 0x72, 0x65, 0x36, 0x63, 0x61,
  0x6d, 0x65, 0x72, 0x61, 0x38, 0x70, 0x72, 0x6f, 0x76, 0x69, 0x64, 0x65,
  0x72, 0x34, 0x56, 0x34, 0x5f, 0x30, 0x31, 0x34, 0x69, 0x6d, 0x70, 0x6c,
  0x65, 0x6d, 0x65, 0x6e, 0x74, 0x61, 0x74, 0x69, 0x6f, 0x6e, 0x33, 0x31,
  0x53, 0x65, 0x68, 0x4c, 0x65, 0x67, 0x61, 0x63, 0x79, 0x43, 0x61, 0x6d,
  0x65, 0x72, 0x61, 0x50, 0x72, 0x6f, 0x76, 0x69, 0x64, 0x65, 0x72, 0x49,
  0x6d, 0x70, 0x6c, 0x5f, 0x34, 0x5f, 0x30, 0x44, 0x31, 0x45, 0x76, 0x00,
  0x5f, 0x5a, 0x4e, 0x36, 0x76, 0x65, 0x6e, 0x64, 0x6f, 0x72, 0x37, 0x73,
  0x61, 0x6d, 0x73, 0x75, 0x6e, 0x67, 0x38, 0x68, 0x61, 0x72, 0x64, 0x77,
  0x61, 0x72, 0x65, 0x36, 0x63, 0x61, 0x6d, 0x65, 0x72, 0x61, 0x38, 0x70,
  0x72, 0x6f, 0x76, 0x69, 0x64, 0x65, 0x72, 0x34, 0x56, 0x34, 0x5f, 0x30,
  0x31, 0x38, 0x49, 0x53, 0x65, 0x68, 0x43, 0x61, 0x6d, 0x65, 0x72, 0x61,
  0x50, 0x72, 0x6f, 0x76, 0x69, 0x64, 0x65, 0x72, 0x31, 0x31, 0x6c, 0x69,
  0x6e, 0x6b, 0x54, 0x6f, 0x44, 0x65, 0x61, 0x74, 0x68, 0x45, 0x52, 0x4b,
  0x4e, 0x37, 0x61, 0x6e, 0x64, 0x72, 0x6f, 0x69, 0x64, 0x32, 0x73, 0x70,
  0x49, 0x4e, 0x53, 0x36, 0x5f, 0x38, 0x68, 0x61, 0x72, 0x64, 0x77, 0x61,
  0x72, 0x65, 0x32, 0x30, 0x68, 0x69, 0x64, 0x6c, 0x5f, 0x64, 0x65, 0x61,
  0x74, 0x68, 0x5f, 0x72, 0x65, 0x63, 0x69, 0x70, 0x69, 0x65, 0x6e, 0x74,
  0x45, 0x45, 0x45, 0x6d, 0x00, 0x5f, 0x5a, 0x4e, 0x36, 0x76, 0x65, 0x6e,
  0x64, 0x6f, 0x72, 0x37, 0x73, 0x61, 0x6d, 0x73, 0x75, 0x6e, 0x67, 0x38,
  0x68, 0x61, 0x72, 0x64, 0x77, 0x61, 0x72, 0x65, 0x36, 0x63, 0x61, 0x6d,
  0x65, 0x72, 0x61, 0x38, 0x70, 0x72, 0x6f, 0x76, 0x69, 0x64, 0x65, 0x72,
  0x34, 0x56, 0x34, 0x5f, 0x30, 0x31, 0x38, 0x49, 0x53, 0x65, 0x68, 0x43,
  0x61, 0x6d, 0x65, 0x72, 0x61, 0x50, 0x72, 0x6f, 0x76, 0x69, 0x64, 0x65,
  0x72, 0x31, 0x32, 0x67, 0x65, 0x74, 0x44, 0x65, 0x62, 0x75, 0x67, 0x49,
  0x6e, 0x66, 0x6f, 0x45, 0x4e, 0x53, 0x74, 0x33, 0x5f, 0x5f, 0x31, 0x38,
  0x66, 0x75, 0x6e, 0x63, 0x74, 0x69, 0x6f, 0x6e, 0x49, 0x46, 0x76, 0x52,
  0x4b, 0x4e, 0x37, 0x61, 0x6e, 0x64, 0x72, 0x6f, 0x69, 0x64, 0x34, 0x68,
  0x69, 0x64, 0x6c, 0x34, 0x62, 0x61, 0x73, 0x65, 0x34, 0x56, 0x31, 0x5f,
  0x30, 0x39, 0x44, 0x65, 0x62, 0x75, 0x67, 0x49, 0x6e, 0x66, 0x6f, 0x45,
  0x45, 0x45, 0x45, 0x00, 0x5f, 0x5a, 0x4e, 0x36, 0x76, 0x65, 0x6e, 0x64,
  0x6f, 0x72, 0x37, 0x73, 0x61, 0x6d, 0x73, 0x75, 0x6e, 0x67, 0x38, 0x68,
  0x61, 0x72, 0x64, 0x77, 0x61, 0x72, 0x65, 0x36, 0x63, 0x61, 0x6d, 0x65,
  0x72, 0x61, 0x38, 0x70, 0x72, 0x6f, 0x76, 0x69, 0x64, 0x65, 0x72, 0x34,
  0x56, 0x34, 0x5f, 0x30, 0x31, 0x38, 0x49, 0x53, 0x65, 0x68, 0x43, 0x61,
  0x6d, 0x65, 0x72, 0x61, 0x50, 0x72, 0x6f, 0x76, 0x69, 0x64, 0x65, 0x72,
  0x31, 0x32, 0x67, 0x65, 0x74, 0x48, 0x61, 0x73, 0x68, 0x43, 0x68, 0x61,
  0x69, 0x6e, 0x45, 0x4e, 0x53, 0x74, 0x33, 0x5f, 0x5f, 0x31, 0x38, 0x66,
  0x75, 0x6e, 0x63, 0x74, 0x69, 0x6f, 0x6e, 0x49, 0x46, 0x76, 0x52, 0x4b,
  0x4e, 0x37, 0x61, 0x6e, 0x64, 0x72, 0x6f, 0x69, 0x64, 0x38, 0x68, 0x61,
  0x72, 0x64, 0x77, 0x61, 0x72, 0x65, 0x38, 0x68, 0x69, 0x64, 0x6c, 0x5f,
  0x76, 0x65, 0x63, 0x49, 0x4e, 0x53, 0x39, 0x5f, 0x31, 0x30, 0x68, 0x69,
  0x64, 0x6c, 0x5f, 0x61, 0x72, 0x72, 0x61, 0x79, 0x49, 0x68, 0x4c, 0x6d,
  0x33, 0x32, 0x45, 0x4a, 0x45, 0x45, 0x45, 0x45, 0x45, 0x45, 0x45, 0x45,
  0x00, 0x5f, 0x5a, 0x4e, 0x36, 0x76, 0x65, 0x6e, 0x64, 0x6f, 0x72, 0x37,
  0x73, 0x61, 0x6d, 0x73, 0x75, 0x6e, 0x67, 0x38, 0x68, 0x61, 0x72, 0x64,
  0x77, 0x61, 0x72, 0x65, 0x36, 0x63, 0x61, 0x6d, 0x65, 0x72, 0x61, 0x38,
  0x70, 0x72, 0x6f, 0x76, 0x69, 0x64, 0x65, 0x72, 0x34, 0x56, 0x34, 0x5f,
  0x30, 0x31, 0x38, 0x49, 0x53, 0x65, 0x68, 0x43, 0x61, 0x6d, 0x65, 0x72,
  0x61, 0x50, 0x72, 0x6f, 0x76, 0x69, 0x64, 0x65, 0x72, 0x31, 0x33, 0x75,
  0x6e, 0x6c, 0x69, 0x6e, 0x6b, 0x54, 0x6f, 0x44, 0x65, 0x61, 0x74, 0x68,
  0x45, 0x52, 0x4b, 0x4e, 0x37, 0x61, 0x6e, 0x64, 0x72, 0x6f, 0x69, 0x64,
  0x32, 0x73, 0x70, 0x49, 0x4e, 0x53, 0x36, 0x5f, 0x38, 0x68, 0x61, 0x72,
  0x64, 0x77, 0x61, 0x72, 0x65, 0x32, 0x30, 0x68, 0x69, 0x64, 0x6c, 0x5f,
  0x64, 0x65, 0x61, 0x74, 0x68, 0x5f, 0x72, 0x65, 0x63, 0x69, 0x70, 0x69,
  0x65, 0x6e, 0x74, 0x45, 0x45, 0x45, 0x00, 0x5f, 0x5a, 0x4e, 0x36, 0x76,
  0x65, 0x6e, 0x64, 0x6f, 0x72, 0x37, 0x73, 0x61, 0x6d, 0x73, 0x75, 0x6e,
  0x67, 0x38, 0x68, 0x61, 0x72, 0x64, 0x77, 0x61, 0x72, 0x65, 0x36, 0x63,
  0x61, 0x6d, 0x65, 0x72, 0x61, 0x38, 0x70, 0x72, 0x6f, 0x76, 0x69, 0x64,
  0x65, 0x72, 0x34, 0x56, 0x34, 0x5f, 0x30, 0x31, 0x38, 0x49, 0x53, 0x65,
  0x68, 0x43, 0x61, 0x6d, 0x65, 0x72, 0x61, 0x50, 0x72, 0x6f, 0x76, 0x69,
  0x64, 0x65, 0x72, 0x31, 0x34, 0x69, 0x6e, 0x74, 0x65, 0x72, 0x66, 0x61,
  0x63, 0x65, 0x43, 0x68, 0x61, 0x69, 0x6e, 0x45, 0x4e, 0x53, 0x74, 0x33,
  0x5f, 0x5f, 0x31, 0x38, 0x66, 0x75, 0x6e, 0x63, 0x74, 0x69, 0x6f, 0x6e,
  0x49, 0x46, 0x76, 0x52, 0x4b, 0x4e, 0x37, 0x61, 0x6e, 0x64, 0x72, 0x6f,
  0x69, 0x64, 0x38, 0x68, 0x61, 0x72, 0x64, 0x77, 0x61, 0x72, 0x65, 0x38,
  0x68, 0x69, 0x64, 0x6c, 0x5f, 0x76, 0x65, 0x63, 0x49, 0x4e, 0x53, 0x39,
  0x5f, 0x31, 0x31, 0x68, 0x69, 0x64, 0x6c, 0x5f, 0x73, 0x74, 0x72, 0x69,
  0x6e, 0x67, 0x45, 0x45, 0x45, 0x45, 0x45, 0x45, 0x00, 0x5f, 0x5a, 0x4e,
  0x36, 0x76, 0x65, 0x6e, 0x64, 0x6f, 0x72, 0x37, 0x73, 0x61, 0x6d, 0x73,
  0x75, 0x6e, 0x67, 0x38, 0x68, 0x61, 0x72, 0x64, 0x77, 0x61, 0x72, 0x65,
  0x36, 0x63, 0x61, 0x6d, 0x65, 0x72, 0x61, 0x38, 0x70, 0x72, 0x6f, 0x76,
  0x69, 0x64, 0x65, 0x72, 0x34, 0x56, 0x34, 0x5f, 0x30, 0x31, 0x38, 0x49,
  0x53, 0x65, 0x68, 0x43, 0x61, 0x6d, 0x65, 0x72, 0x61, 0x50, 0x72, 0x6f,
  0x76, 0x69, 0x64, 0x65, 0x72, 0x31, 0x37, 0x72, 0x65, 0x67, 0x69, 0x73,
  0x74, 0x65, 0x72, 0x41, 0x73, 0x53, 0x65, 0x72, 0x76, 0x69, 0x63, 0x65,
  0x45, 0x52, 0x4b, 0x4e, 0x53, 0x74, 0x33, 0x5f, 0x5f, 0x31, 0x31, 0x32,
  0x62, 0x61, 0x73, 0x69, 0x63, 0x5f, 0x73, 0x74, 0x72, 0x69, 0x6e, 0x67,
  0x49, 0x63, 0x4e, 0x53, 0x36, 0x5f, 0x31, 0x31, 0x63, 0x68, 0x61, 0x72,
  0x5f, 0x74, 0x72, 0x61, 0x69, 0x74, 0x73, 0x49, 0x63, 0x45, 0x45, 0x4e,
  0x53, 0x36, 0x5f, 0x39, 0x61, 0x6c, 0x6c, 0x6f, 0x63, 0x61, 0x74, 0x6f,
  0x72, 0x49, 0x63, 0x45, 0x45, 0x45, 0x45, 0x00, 0x5f, 0x5a, 0x4e, 0x36,
  0x76, 0x65, 0x6e, 0x64, 0x6f, 0x72, 0x37, 0x73, 0x61, 0x6d, 0x73, 0x75,
  0x6e, 0x67, 0x38, 0x68, 0x61, 0x72, 0x64, 0x77, 0x61, 0x72, 0x65, 0x36,
  0x63, 0x61, 0x6d, 0x65, 0x72, 0x61, 0x38, 0x70, 0x72, 0x6f, 0x76, 0x69,
  0x64, 0x65, 0x72, 0x34, 0x56, 0x34, 0x5f, 0x30, 0x31, 0x38, 0x49, 0x53,
  0x65, 0x68, 0x43, 0x61, 0x6d, 0x65, 0x72, 0x61, 0x50, 0x72, 0x6f, 0x76,
  0x69, 0x64, 0x65, 0x72, 0x31, 0x39, 0x69, 0x6e, 0x74, 0x65, 0x72, 0x66,
  0x61, 0x63, 0x65, 0x44, 0x65, 0x73, 0x63, 0x72, 0x69, 0x70, 0x74, 0x6f,
  0x72, 0x45, 0x4e, 0x53, 0x74, 0x33, 0x5f, 0x5f, 0x31, 0x38, 0x66, 0x75,
  0x6e, 0x63, 0x74, 0x69, 0x6f, 0x6e, 0x49, 0x46, 0x76, 0x52, 0x4b, 0x4e,
  0x37, 0x61, 0x6e, 0x64, 0x72, 0x6f, 0x69, 0x64, 0x38, 0x68, 0x61, 0x72,
  0x64, 0x77, 0x61, 0x72, 0x65, 0x31, 0x31, 0x68, 0x69, 0x64, 0x6c, 0x5f,
  0x73, 0x74, 0x72, 0x69, 0x6e, 0x67, 0x45, 0x45, 0x45, 0x45, 0x00, 0x5f,
  0x5a, 0x4e, 0x36, 0x76, 0x65, 0x6e, 0x64, 0x6f, 0x72, 0x37, 0x73, 0x61,
  0x6d, 0x73, 0x75, 0x6e, 0x67, 0x38, 0x68, 0x61, 0x72, 0x64, 0x77, 0x61,
  0x72, 0x65, 0x36, 0x63, 0x61, 0x6d, 0x65, 0x72, 0x61, 0x38, 0x70, 0x72,
  0x6f, 0x76, 0x69, 0x64, 0x65, 0x72, 0x34, 0x56, 0x34, 0x5f, 0x30, 0x31,
  0x38, 0x49, 0x53, 0x65, 0x68, 0x43, 0x61, 0x6d, 0x65, 0x72, 0x61, 0x50,
  0x72, 0x6f, 0x76, 0x69, 0x64, 0x65, 0x72, 0x32, 0x31, 0x6e, 0x6f, 0x74,
  0x69, 0x66, 0x79, 0x53, 0x79, 0x73, 0x70, 0x72, 0x6f, 0x70, 0x73, 0x43,
  0x68, 0x61, 0x6e, 0x67, 0x65, 0x64, 0x45, 0x76, 0x00, 0x5f, 0x5a, 0x4e,
  0x36, 0x76, 0x65, 0x6e, 0x64, 0x6f, 0x72, 0x37, 0x73, 0x61, 0x6d, 0x73,
  0x75, 0x6e, 0x67, 0x38, 0x68, 0x61, 0x72, 0x64, 0x77, 0x61, 0x72, 0x65,
  0x36, 0x63, 0x61, 0x6d, 0x65, 0x72, 0x61, 0x38, 0x70, 0x72, 0x6f, 0x76,
  0x69, 0x64, 0x65, 0x72, 0x34, 0x56, 0x34, 0x5f, 0x30, 0x31, 0x38, 0x49,
  0x53, 0x65, 0x68, 0x43, 0x61, 0x6d, 0x65, 0x72, 0x61, 0x50, 0x72, 0x6f,
  0x76, 0x69, 0x64, 0x65, 0x72, 0x32, 0x31, 0x73, 0x65, 0x74, 0x48, 0x41,
  0x4c, 0x49, 0x6e, 0x73, 0x74, 0x72, 0x75, 0x6d, 0x65, 0x6e, 0x74, 0x61,
  0x74, 0x69, 0x6f, 0x6e, 0x45, 0x76, 0x00, 0x5f, 0x5a, 0x4e, 0x36, 0x76,
  0x65, 0x6e, 0x64, 0x6f, 0x72, 0x37, 0x73, 0x61, 0x6d, 0x73, 0x75, 0x6e,
  0x67, 0x38, 0x68, 0x61, 0x72, 0x64, 0x77, 0x61, 0x72, 0x65, 0x36, 0x63,
  0x61, 0x6d, 0x65, 0x72, 0x61, 0x38, 0x70, 0x72, 0x6f, 0x76, 0x69, 0x64,
  0x65, 0x72, 0x34, 0x56, 0x34, 0x5f, 0x30, 0x31, 0x38, 0x49, 0x53, 0x65,
  0x68, 0x43, 0x61, 0x6d, 0x65, 0x72, 0x61, 0x50, 0x72, 0x6f, 0x76, 0x69,
  0x64, 0x65, 0x72, 0x34, 0x70, 0x69, 0x6e, 0x67, 0x45, 0x76, 0x00, 0x5f,
  0x5a, 0x4e, 0x36, 0x76, 0x65, 0x6e, 0x64, 0x6f, 0x72, 0x37, 0x73, 0x61,
  0x6d, 0x73, 0x75, 0x6e, 0x67, 0x38, 0x68, 0x61, 0x72, 0x64, 0x77, 0x61,
  0x72, 0x65, 0x36, 0x63, 0x61, 0x6d, 0x65, 0x72, 0x61, 0x38, 0x70, 0x72,
  0x6f, 0x76, 0x69, 0x64, 0x65, 0x72, 0x34, 0x56, 0x34, 0x5f, 0x30, 0x31,
  0x38, 0x49, 0x53, 0x65, 0x68, 0x43, 0x61, 0x6d, 0x65, 0x72, 0x61, 0x50,
  0x72, 0x6f, 0x76, 0x69, 0x64, 0x65, 0x72, 0x35, 0x64, 0x65, 0x62, 0x75,
  0x67, 0x45, 0x52, 0x4b, 0x4e, 0x37, 0x61, 0x6e, 0x64, 0x72, 0x6f, 0x69,
  0x64, 0x38, 0x68, 0x61, 0x72, 0x64, 0x77, 0x61, 0x72, 0x65, 0x31, 0x31,
  0x68, 0x69, 0x64, 0x6c, 0x5f, 0x68, 0x61, 0x6e, 0x64, 0x6c, 0x65, 0x45,
  0x52, 0x4b, 0x4e, 0x53, 0x37, 0x5f, 0x38, 0x68, 0x69, 0x64, 0x6c, 0x5f,
  0x76, 0x65, 0x63, 0x49, 0x4e, 0x53, 0x37, 0x5f, 0x31, 0x31, 0x68, 0x69,
  0x64, 0x6c, 0x5f, 0x73, 0x74, 0x72, 0x69, 0x6e, 0x67, 0x45, 0x45, 0x45,
  0x00, 0x5f, 0x5a, 0x4e, 0x37, 0x61, 0x6e, 0x64, 0x72, 0x6f, 0x69, 0x64,
  0x32, 0x33, 0x73, 0x70, 0x5f, 0x72, 0x65, 0x70, 0x6f, 0x72, 0x74, 0x5f,
  0x73, 0x74, 0x61, 0x63, 0x6b, 0x5f, 0x70, 0x6f, 0x69, 0x6e, 0x74, 0x65,
  0x72, 0x45, 0x76, 0x00, 0x5f, 0x5a, 0x4e, 0x37, 0x61, 0x6e, 0x64, 0x72,
  0x6f, 0x69, 0x64, 0x37, 0x52, 0x65, 0x66, 0x42, 0x61, 0x73, 0x65, 0x31,
  0x30, 0x6f, 0x6e, 0x46, 0x69, 0x72, 0x73, 0x74, 0x52, 0x65, 0x66, 0x45,
  0x76, 0x00, 0x5f, 0x5a, 0x4e, 0x37, 0x61, 0x6e, 0x64, 0x72, 0x6f, 0x69,
  0x64, 0x37, 0x52, 0x65, 0x66, 0x42, 0x61, 0x73, 0x65, 0x31, 0x33, 0x6f,
  0x6e, 0x4c, 0x61, 0x73, 0x74, 0x57, 0x65, 0x61, 0x6b, 0x52, 0x65, 0x66,
  0x45, 0x50, 0x4b, 0x76, 0x00, 0x5f, 0x5a, 0x4e, 0x37, 0x61, 0x6e, 0x64,
  0x72, 0x6f, 0x69, 0x64, 0x37, 0x52, 0x65, 0x66, 0x42, 0x61, 0x73, 0x65,
  0x31, 0x35, 0x6f, 0x6e, 0x4c, 0x61, 0x73, 0x74, 0x53, 0x74, 0x72, 0x6f,
  0x6e, 0x67, 0x52, 0x65, 0x66, 0x45, 0x50, 0x4b, 0x76, 0x00, 0x5f, 0x5a,
  0x4e, 0x37, 0x61, 0x6e, 0x64, 0x72, 0x6f, 0x69, 0x64, 0x37, 0x52, 0x65,
  0x66, 0x42, 0x61, 0x73, 0x65, 0x32, 0x30, 0x6f, 0x6e, 0x49, 0x6e, 0x63,
  0x53, 0x74, 0x72, 0x6f, 0x6e, 0x67, 0x41, 0x74, 0x74, 0x65, 0x6d, 0x70,
  0x74, 0x65, 0x64, 0x45, 0x6a, 0x50, 0x4b, 0x76, 0x00, 0x5f, 0x5a, 0x4e,
  0x37, 0x61, 0x6e, 0x64, 0x72, 0x6f, 0x69, 0x64, 0x37, 0x52, 0x65, 0x66,
  0x42, 0x61, 0x73, 0x65, 0x43, 0x32, 0x45, 0x76, 0x00, 0x5f, 0x5a, 0x4e,
  0x37, 0x61, 0x6e, 0x64, 0x72, 0x6f, 0x69, 0x64, 0x37, 0x52, 0x65, 0x66,
  0x42, 0x61, 0x73, 0x65, 0x44, 0x32, 0x45, 0x76, 0x00, 0x5f, 0x5a, 0x4e,
  0x37, 0x61, 0x6e, 0x64, 0x72, 0x6f, 0x69, 0x64, 0x38, 0x68, 0x61, 0x72,
  0x64, 0x77, 0x61, 0x72, 0x65, 0x31, 0x37, 0x6a, 0x6f, 0x69, 0x6e, 0x52,
  0x70, 0x63, 0x54, 0x68, 0x72, 0x65, 0x61, 0x64, 0x70, 0x6f, 0x6f, 0x6c,
  0x45, 0x76, 0x00, 0x5f, 0x5a, 0x4e, 0x37, 0x61, 0x6e, 0x64, 0x72, 0x6f,
  0x69, 0x64, 0x38, 0x68, 0x61, 0x72, 0x64, 0x77, 0x61, 0x72, 0x65, 0x32,
  0x32, 0x63, 0x6f, 0x6e, 0x66, 0x69, 0x67, 0x75, 0x72, 0x65, 0x52, 0x70,
  0x63, 0x54, 0x68, 0x72, 0x65, 0x61, 0x64, 0x70, 0x6f, 0x6f, 0x6c, 0x45,
  0x6d, 0x62, 0x00, 0x5f, 0x5a, 0x4e, 0x4b, 0x37, 0x61, 0x6e, 0x64, 0x72,
  0x6f, 0x69, 0x64, 0x37, 0x52, 0x65, 0x66, 0x42, 0x61, 0x73, 0x65, 0x39,
  0x64, 0x65, 0x63, 0x53, 0x74, 0x72, 0x6f, 0x6e, 0x67, 0x45, 0x50, 0x4b,
  0x76, 0x00, 0x5f, 0x5a, 0x4e, 0x4b, 0x37, 0x61, 0x6e, 0x64, 0x72, 0x6f,
  0x69, 0x64, 0x37, 0x52, 0x65, 0x66, 0x42, 0x61, 0x73, 0x65, 0x39, 0x69,
  0x6e, 0x63, 0x53, 0x74, 0x72, 0x6f, 0x6e, 0x67, 0x45, 0x50, 0x4b, 0x76,
  0x00, 0x5f, 0x5a, 0x54, 0x56, 0x4e, 0x36, 0x76, 0x65, 0x6e, 0x64, 0x6f,
  0x72, 0x37, 0x73, 0x61, 0x6d, 0x73, 0x75, 0x6e, 0x67, 0x38, 0x68, 0x61,
  0x72, 0x64, 0x77, 0x61, 0x72, 0x65, 0x36, 0x63, 0x61, 0x6d, 0x65, 0x72,
  0x61, 0x38, 0x70, 0x72, 0x6f, 0x76, 0x69, 0x64, 0x65, 0x72, 0x34, 0x56,
  0x34, 0x5f, 0x30, 0x31, 0x34, 0x69, 0x6d, 0x70, 0x6c, 0x65, 0x6d, 0x65,
  0x6e, 0x74, 0x61, 0x74, 0x69, 0x6f, 0x6e, 0x31, 0x37, 0x53, 0x65, 0x68,
  0x43, 0x61, 0x6d, 0x65, 0x72, 0x61, 0x50, 0x72, 0x6f, 0x76, 0x69, 0x64,
  0x65, 0x72, 0x49, 0x4e, 0x53, 0x35, 0x5f, 0x33, 0x31, 0x53, 0x65, 0x68,
  0x4c, 0x65, 0x67, 0x61, 0x63, 0x79, 0x43, 0x61, 0x6d, 0x65, 0x72, 0x61,
  0x50, 0x72, 0x6f, 0x76, 0x69, 0x64, 0x65, 0x72, 0x49, 0x6d, 0x70, 0x6c,
  0x5f, 0x34, 0x5f, 0x30, 0x45, 0x45, 0x45, 0x00, 0x5f, 0x5a, 0x64, 0x6c,
  0x50, 0x76, 0x00, 0x5f, 0x5a, 0x6e, 0x77, 0x6d, 0x00, 0x5f, 0x5f, 0x61,
  0x6e, 0x64, 0x72, 0x6f, 0x69, 0x64, 0x5f, 0x6c, 0x6f, 0x67, 0x5f, 0x61,
  0x73, 0x73, 0x65, 0x72, 0x74, 0x00, 0x5f, 0x5f, 0x61, 0x6e, 0x64, 0x72,
  0x6f, 0x69, 0x64, 0x5f, 0x6c, 0x6f, 0x67, 0x5f, 0x70, 0x72, 0x69, 0x6e,
  0x74, 0x00, 0x5f, 0x5f, 0x73, 0x74, 0x61, 0x63, 0x6b, 0x5f, 0x63, 0x68,
  0x6b, 0x5f, 0x66, 0x61, 0x69, 0x6c, 0x00, 0x6c, 0x69, 0x62, 0x6c, 0x6f,
  0x67, 0x2e, 0x73, 0x6f, 0x00, 0x4c, 0x49, 0x42, 0x4c, 0x4f, 0x47, 0x00,
  0x6c, 0x69, 0x62, 0x63, 0x2e, 0x73, 0x6f, 0x00, 0x4c, 0x49, 0x42, 0x43,
  0x00, 0x61, 0x6e, 0x64, 0x72, 0x6f, 0x69, 0x64, 0x2e, 0x68, 0x61, 0x72,
  0x64, 0x77, 0x61, 0x72, 0x65, 0x2e, 0x63, 0x61, 0x6d, 0x65, 0x72, 0x61,
  0x2e, 0x63, 0x6f, 0x6d, 0x6d, 0x6f, 0x6e, 0x40, 0x31, 0x2e, 0x30, 0x2e,
  0x73, 0x6f, 0x00, 0x61, 0x6e, 0x64, 0x72, 0x6f, 0x69, 0x64, 0x2e, 0x68,
  0x61, 0x72, 0x64, 0x77, 0x61, 0x72, 0x65, 0x2e, 0x63, 0x61, 0x6d, 0x65,
  0x72, 0x61, 0x2e, 0x64, 0x65, 0x76, 0x69, 0x63, 0x65, 0x40, 0x31, 0x2e,
  0x30, 0x2e, 0x73, 0x6f, 0x00, 0x61, 0x6e, 0x64, 0x72, 0x6f, 0x69, 0x64,
  0x2e, 0x68, 0x61, 0x72, 0x64, 0x77, 0x61, 0x72, 0x65, 0x2e, 0x63, 0x61,
  0x6d, 0x65, 0x72, 0x61, 0x2e, 0x64, 0x65, 0x76, 0x69, 0x63, 0x65, 0x40,
  0x33, 0x2e, 0x32, 0x2e, 0x73, 0x6f, 0x00, 0x61, 0x6e, 0x64, 0x72, 0x6f,
  0x69, 0x64, 0x2e, 0x68, 0x61, 0x72, 0x64, 0x77, 0x61, 0x72, 0x65, 0x2e,
  0x63, 0x61, 0x6d, 0x65, 0x72, 0x61, 0x2e, 0x64, 0x65, 0x76, 0x69, 0x63,
  0x65, 0x40, 0x33, 0x2e, 0x33, 0x2e, 0x73, 0x6f, 0x00, 0x61, 0x6e, 0x64,
  0x72, 0x6f, 0x69, 0x64, 0x2e, 0x68, 0x61, 0x72, 0x64, 0x77, 0x61, 0x72,
  0x65, 0x2e, 0x63, 0x61, 0x6d, 0x65, 0x72, 0x61, 0x2e, 0x64, 0x65, 0x76,
  0x69, 0x63, 0x65, 0x40, 0x33, 0x2e, 0x34, 0x2e, 0x73, 0x6f, 0x00, 0x61,
  0x6e, 0x64, 0x72, 0x6f, 0x69, 0x64, 0x2e, 0x68, 0x61, 0x72, 0x64, 0x77,
  0x61, 0x72, 0x65, 0x2e, 0x63, 0x61, 0x6d, 0x65, 0x72, 0x61, 0x2e, 0x64,
  0x65, 0x76, 0x69, 0x63, 0x65, 0x40, 0x33, 0x2e, 0x35, 0x2e, 0x73, 0x6f,
  0x00, 0x61, 0x6e, 0x64, 0x72, 0x6f, 0x69, 0x64, 0x2e, 0x68, 0x61, 0x72,
  0x64, 0x77, 0x61, 0x72, 0x65, 0x2e, 0x63, 0x61, 0x6d, 0x65, 0x72, 0x61,
  0x2e, 0x64, 0x65, 0x76, 0x69, 0x63, 0x65, 0x40, 0x33, 0x2e, 0x36, 0x2e,
  0x73, 0x6f, 0x00, 0x76, 0x65, 0x6e, 0x64, 0x6f, 0x72, 0x2e, 0x73, 0x61,
  0x6d, 0x73, 0x75, 0x6e, 0x67, 0x2e, 0x68, 0x61, 0x72, 0x64, 0x77, 0x61,
  0x72, 0x65, 0x2e, 0x63, 0x61, 0x6d, 0x65, 0x72, 0x61, 0x2e, 0x64, 0x65,
  0x76, 0x69, 0x63, 0x65, 0x40, 0x35, 0x2e, 0x30, 0x2e, 0x73, 0x6f, 0x00,
  0x61, 0x6e, 0x64, 0x72, 0x6f, 0x69, 0x64, 0x2e, 0x68, 0x61, 0x72, 0x64,
  0x77, 0x61, 0x72, 0x65, 0x2e, 0x63, 0x61, 0x6d, 0x65, 0x72, 0x61, 0x2e,
  0x70, 0x72, 0x6f, 0x76, 0x69, 0x64, 0x65, 0x72, 0x40, 0x32, 0x2e, 0x34,
  0x2e, 0x73, 0x6f, 0x00, 0x76, 0x65, 0x6e, 0x64, 0x6f, 0x72, 0x2e, 0x73,
  0x61, 0x6d, 0x73, 0x75, 0x6e, 0x67, 0x2e, 0x68, 0x61, 0x72, 0x64, 0x77,
  0x61, 0x72, 0x65, 0x2e, 0x63, 0x61, 0x6d, 0x65, 0x72, 0x61, 0x2e, 0x70,
  0x72, 0x6f, 0x76, 0x69, 0x64, 0x65, 0x72, 0x40, 0x34, 0x2e, 0x30, 0x2e,
  0x73, 0x6f, 0x00, 0x76, 0x65, 0x6e, 0x64, 0x6f, 0x72, 0x2e, 0x73, 0x61,
  0x6d, 0x73, 0x75, 0x6e, 0x67, 0x2e, 0x68, 0x61, 0x72, 0x64, 0x77, 0x61,
  0x72, 0x65, 0x2e, 0x63, 0x61, 0x6d, 0x65, 0x72, 0x61, 0x2e, 0x70, 0x72,
  0x6f, 0x76, 0x69, 0x64, 0x65, 0x72, 0x40, 0x34, 0x2e, 0x30, 0x2d, 0x6c,
  0x65, 0x67, 0x61, 0x63, 0x79, 0x2e, 0x73, 0x6f, 0x00, 0x61, 0x6e, 0x64,
  0x72, 0x6f, 0x69, 0x64, 0x2e, 0x68, 0x61, 0x72, 0x64, 0x77, 0x61, 0x72,
  0x65, 0x2e, 0x67, 0x72, 0x61, 0x70, 0x68, 0x69, 0x63, 0x73, 0x2e, 0x6d,
  0x61, 0x70, 0x70, 0x65, 0x72, 0x40, 0x32, 0x2e, 0x30, 0x2e, 0x73, 0x6f,
  0x00, 0x61, 0x6e, 0x64, 0x72, 0x6f, 0x69, 0x64, 0x2e, 0x68, 0x61, 0x72,
  0x64, 0x77, 0x61, 0x72, 0x65, 0x2e, 0x67, 0x72, 0x61, 0x70, 0x68, 0x69,
  0x63, 0x73, 0x2e, 0x6d, 0x61, 0x70, 0x70, 0x65, 0x72, 0x40, 0x33, 0x2e,
  0x30, 0x2e, 0x73, 0x6f, 0x00, 0x61, 0x6e, 0x64, 0x72, 0x6f, 0x69, 0x64,
  0x2e, 0x68, 0x61, 0x72, 0x64, 0x77, 0x61, 0x72, 0x65, 0x2e, 0x67, 0x72,
  0x61, 0x70, 0x68, 0x69, 0x63, 0x73, 0x2e, 0x6d, 0x61, 0x70, 0x70, 0x65,
  0x72, 0x40, 0x34, 0x2e, 0x30, 0x2e, 0x73, 0x6f, 0x00, 0x61, 0x6e, 0x64,
  0x72, 0x6f, 0x69, 0x64, 0x2e, 0x68, 0x69, 0x64, 0x6c, 0x2e, 0x61, 0x6c,
  0x6c, 0x6f, 0x63, 0x61, 0x74, 0x6f, 0x72, 0x40, 0x31, 0x2e, 0x30, 0x2e,
  0x73, 0x6f, 0x00, 0x61, 0x6e, 0x64, 0x72, 0x6f, 0x69, 0x64, 0x2e, 0x68,
  0x69, 0x64, 0x6c, 0x2e, 0x6d, 0x65, 0x6d, 0x6f, 0x72, 0x79, 0x40, 0x31,
  0x2e, 0x30, 0x2e, 0x73, 0x6f, 0x00, 0x6c, 0x69, 0x62, 0x62, 0x69, 0x6e,
  0x64, 0x65, 0x72, 0x2e, 0x73, 0x6f, 0x00, 0x6c, 0x69, 0x62, 0x63, 0x61,
  0x6d, 0x65, 0x72, 0x61, 0x5f, 0x6d, 0x65, 0x74, 0x61, 0x64, 0x61, 0x74,
  0x61, 0x2e, 0x73, 0x6f, 0x00, 0x6c, 0x69, 0x62, 0x68, 0x61, 0x72, 0x64,
  0x77, 0x61, 0x72, 0x65, 0x2e, 0x73, 0x6f, 0x00, 0x6c, 0x69, 0x62, 0x68,
  0x69, 0x64, 0x6c, 0x62, 0x61, 0x73, 0x65, 0x2e, 0x73, 0x6f, 0x00, 0x6c,
  0x69, 0x62, 0x75, 0x74, 0x69, 0x6c, 0x73, 0x2e, 0x73, 0x6f, 0x00, 0x6c,
  0x69, 0x62, 0x63, 0x2b, 0x2b, 0x2e, 0x73, 0x6f, 0x00, 0x6c, 0x69, 0x62,
  0x6d, 0x2e, 0x73, 0x6f, 0x00, 0x6c, 0x69, 0x62, 0x64, 0x6c, 0x2e, 0x73,
  0x6f, 0x00, 0x00, 0x00, 0x41, 0x50, 0x53, 0x32, 0x0e, 0x00, 0x0e, 0x08,
  0xd0, 0x80, 0x01, 0x81, 0x82, 0x80, 0x80, 0xa0, 0x02, 0x00, 0x08, 0x81,
  0x82, 0x80, 0x80, 0x80, 0x03, 0x00, 0x08, 0x81, 0x82, 0x80, 0x80, 0xc0,
  0x02, 0x00, 0x08, 0x81, 0x82, 0x80, 0x80, 0x80, 0x02, 0x00, 0x08, 0x81,
  0x82, 0x80, 0x80, 0xe0, 0x02, 0x00, 0x08, 0x81, 0x82, 0x80, 0x80, 0xe0,
  0x01, 0x00, 0x08, 0x81, 0x82, 0x80, 0x80, 0xf0, 0x02, 0x00, 0x08, 0x81,
  0x82, 0x80, 0x80, 0xf0, 0x01, 0x00, 0x08, 0x81, 0x82, 0x80, 0x80, 0xd0,
  0x02, 0x00, 0x08, 0x81, 0x82, 0x80, 0x80, 0x90, 0x02, 0x00, 0xb0, 0x01,
  0x81, 0x82, 0x80, 0x80, 0xa0, 0x03, 0x00, 0x08, 0x81, 0x82, 0x80, 0x80,
  0xc0, 0x03, 0x00, 0x08, 0x81, 0x82, 0x80, 0x80, 0xd0, 0x03, 0x00, 0x08,
  0x81, 0x82, 0x80, 0x80, 0xb0, 0x03, 0x00, 0x00, 0x00, 0x00, 0x00, 0x00,
  0x48, 0x40, 0x00, 0x00, 0x00, 0x00, 0x00, 0x00, 0x01, 0xf8, 0x7f, 0xc0,
  0x00, 0x00, 0x00, 0x00, 0xc8, 0x44, 0x00, 0x00, 0x00, 0x00, 0x00, 0x00,
  0xe8, 0x44, 0x00, 0x00, 0x00, 0x00, 0x00, 0x00, 0x02, 0x04, 0x00, 0x00,
  0x01, 0x00, 0x00, 0x00, 0x00, 0x00, 0x00, 0x00, 0x00, 0x00, 0x00, 0x00,
  0xf0, 0x44, 0x00, 0x00, 0x00, 0x00, 0x00, 0x00, 0x02, 0x04, 0x00, 0x00,
  0x27, 0x00, 0x00, 0x00, 0x00, 0x00, 0x00, 0x00, 0x00, 0x00, 0x00, 0x00,
  0xf8, 0x44, 0x00, 0x00, 0x00, 0x00, 0x00, 0x00, 0x02, 0x04, 0x00, 0x00,
  0x21, 0x00, 0x00, 0x00, 0x00, 0x00, 0x00, 0x00, 0x00, 0x00, 0x00, 0x00,
  0x00, 0x45, 0x00, 0x00, 0x00, 0x00, 0x00, 0x00, 0x02, 0x04, 0x00, 0x00,
  0x25, 0x00, 0x00, 0x00, 0x00, 0x00, 0x00, 0x00, 0x00, 0x00, 0x00, 0x00,
  0x08, 0x45, 0x00, 0x00, 0x00, 0x00, 0x00, 0x00, 0x02, 0x04, 0x00, 0x00,
  0x1e, 0x00, 0x00, 0x00, 0x00, 0x00, 0x00, 0x00, 0x00, 0x00, 0x00, 0x00,
  0x10, 0x45, 0x00, 0x00, 0x00, 0x00, 0x00, 0x00, 0x02, 0x04, 0x00, 0x00,
  0x0c, 0x00, 0x00, 0x00, 0x00, 0x00, 0x00, 0x00, 0x00, 0x00, 0x00, 0x00,
  0x18, 0x45, 0x00, 0x00, 0x00, 0x00, 0x00, 0x00, 0x02, 0x04, 0x00, 0x00,
  0x19, 0x00, 0x00, 0x00, 0x00, 0x00, 0x00, 0x00, 0x00, 0x00, 0x00, 0x00,
  0x20, 0x45, 0x00, 0x00, 0x00, 0x00, 0x00, 0x00, 0x02, 0x04, 0x00, 0x00,
  0x23, 0x00, 0x00, 0x00, 0x00, 0x00, 0x00, 0x00, 0x00, 0x00, 0x00, 0x00,
  0x28, 0x45, 0x00, 0x00, 0x00, 0x00, 0x00, 0x00, 0x02, 0x04, 0x00, 0x00,
  0x13, 0x00, 0x00, 0x00, 0x00, 0x00, 0x00, 0x00, 0x00, 0x00, 0x00, 0x00,
  0x30, 0x45, 0x00, 0x00, 0x00, 0x00, 0x00, 0x00, 0x02, 0x04, 0x00, 0x00,
  0x24, 0x00, 0x00, 0x00, 0x00, 0x00, 0x00, 0x00, 0x00, 0x00, 0x00, 0x00,
  0x38, 0x45, 0x00, 0x00, 0x00, 0x00, 0x00, 0x00, 0x02, 0x04, 0x00, 0x00,
  0x20, 0x00, 0x00, 0x00, 0x00, 0x00, 0x00, 0x00, 0x00, 0x00, 0x00, 0x00,
  0x40, 0x45, 0x00, 0x00, 0x00, 0x00, 0x00, 0x00, 0x02, 0x04, 0x00, 0x00,
  0x22, 0x00, 0x00, 0x00, 0x00, 0x00, 0x00, 0x00, 0x00, 0x00, 0x00, 0x00,
  0x48, 0x45, 0x00, 0x00, 0x00, 0x00, 0x00, 0x00, 0x02, 0x04, 0x00, 0x00,
  0x26, 0x00, 0x00, 0x00, 0x00, 0x00, 0x00, 0x00, 0x00, 0x00, 0x00, 0x00,
  0x50, 0x45, 0x00, 0x00, 0x00, 0x00, 0x00, 0x00, 0x02, 0x04, 0x00, 0x00,
  0x28, 0x00, 0x00, 0x00, 0x00, 0x00, 0x00, 0x00, 0x00, 0x00, 0x00, 0x00,
  0x58, 0x45, 0x00, 0x00, 0x00, 0x00, 0x00, 0x00, 0x02, 0x04, 0x00, 0x00,
  0x0d, 0x00, 0x00, 0x00, 0x00, 0x00, 0x00, 0x00, 0x00, 0x00, 0x00, 0x00,
  0x60, 0x45, 0x00, 0x00, 0x00, 0x00, 0x00, 0x00, 0x02, 0x04, 0x00, 0x00,
  0x1f, 0x00, 0x00, 0x00, 0x00, 0x00, 0x00, 0x00, 0x00, 0x00, 0x00, 0x00,
  0x68, 0x45, 0x00, 0x00, 0x00, 0x00, 0x00, 0x00, 0x02, 0x04, 0x00, 0x00,
  0x02, 0x00, 0x00, 0x00, 0x00, 0x00, 0x00, 0x00, 0x00, 0x00, 0x00, 0x00,
  0x70, 0x45, 0x00, 0x00, 0x00, 0x00, 0x00, 0x00, 0x02, 0x04, 0x00, 0x00,
  0x03, 0x00, 0x00, 0x00, 0x00, 0x00, 0x00, 0x00, 0x00, 0x00, 0x00, 0x00,
  0x78, 0x45, 0x00, 0x00, 0x00, 0x00, 0x00, 0x00, 0x02, 0x04, 0x00, 0x00,
  0x04, 0x00, 0x00, 0x00, 0x00, 0x00, 0x00, 0x00, 0x00, 0x00, 0x00, 0x00,
  0x80, 0x45, 0x00, 0x00, 0x00, 0x00, 0x00, 0x00, 0x02, 0x04, 0x00, 0x00,
  0x06, 0x00, 0x00, 0x00, 0x00, 0x00, 0x00, 0x00, 0x00, 0x00, 0x00, 0x00,
  0x88, 0x45, 0x00, 0x00, 0x00, 0x00, 0x00, 0x00, 0x02, 0x04, 0x00, 0x00,
  0x08, 0x00, 0x00, 0x00, 0x00, 0x00, 0x00, 0x00, 0x00, 0x00, 0x00, 0x00,
  0x90, 0x45, 0x00, 0x00, 0x00, 0x00, 0x00, 0x00, 0x02, 0x04, 0x00, 0x00,
  0x09, 0x00, 0x00, 0x00, 0x00, 0x00, 0x00, 0x00, 0x00, 0x00, 0x00, 0x00,
  0x98, 0x45, 0x00, 0x00, 0x00, 0x00, 0x00, 0x00, 0x02, 0x04, 0x00, 0x00,
  0x07, 0x00, 0x00, 0x00, 0x00, 0x00, 0x00, 0x00, 0x00, 0x00, 0x00, 0x00,
  0xa0, 0x45, 0x00, 0x00, 0x00, 0x00, 0x00, 0x00, 0x02, 0x04, 0x00, 0x00,
  0x0a, 0x00, 0x00, 0x00, 0x00, 0x00, 0x00, 0x00, 0x00, 0x00, 0x00, 0x00,
  0xa8, 0x45, 0x00, 0x00, 0x00, 0x00, 0x00, 0x00, 0x02, 0x04, 0x00, 0x00,
  0x0b, 0x00, 0x00, 0x00, 0x00, 0x00, 0x00, 0x00, 0x00, 0x00, 0x00, 0x00,
  0xb0, 0x45, 0x00, 0x00, 0x00, 0x00, 0x00, 0x00, 0x02, 0x04, 0x00, 0x00,
  0x05, 0x00, 0x00, 0x00, 0x00, 0x00, 0x00, 0x00, 0x00, 0x00, 0x00, 0x00,
  0x73, 0x74, 0x61, 0x74, 0x75, 0x73, 0x20, 0x21, 0x3d, 0x20, 0x61, 0x6e,
  0x64, 0x72, 0x6f, 0x69, 0x64, 0x3a, 0x3a, 0x4f, 0x4b, 0x00, 0x76, 0x65,
  0x6e, 0x64, 0x6f, 0x72, 0x2e, 0x73, 0x61, 0x6d, 0x73, 0x75, 0x6e, 0x67,
  0x2e, 0x68, 0x61, 0x72, 0x64, 0x77, 0x61, 0x72, 0x65, 0x2e, 0x63, 0x61,
  0x6d, 0x65, 0x72, 0x61, 0x2e, 0x70, 0x72, 0x6f, 0x76, 0x69, 0x64, 0x65,
  0x72, 0x40, 0x34, 0x2e, 0x30, 0x2d, 0x73, 0x65, 0x72, 0x76, 0x69, 0x63,
  0x65, 0x00, 0x20, 0x53, 0x65, 0x63, 0x20, 0x43, 0x61, 0x6d, 0x65, 0x72,
  0x61, 0x20, 0x70, 0x72, 0x6f, 0x76, 0x69, 0x64, 0x65, 0x72, 0x20, 0x53,
  0x65, 0x72, 0x76, 0x69, 0x63, 0x65, 0x20, 0x69, 0x73, 0x20, 0x73, 0x74,
  0x61, 0x72, 0x74, 0x69, 0x6e, 0x67, 0x2e, 0x00, 0x45, 0x72, 0x72, 0x6f,
  0x72, 0x20, 0x77, 0x68, 0x69, 0x6c, 0x65, 0x20, 0x72, 0x65, 0x67, 0x69,
  0x73, 0x74, 0x65, 0x72, 0x69, 0x6e, 0x67, 0x20, 0x70, 0x72, 0x6f, 0x76,
  0x69, 0x64, 0x65, 0x72, 0x20, 0x73, 0x65, 0x72, 0x76, 0x69, 0x63, 0x65,
  0x3a, 0x20, 0x25, 0x64, 0x00, 0x00, 0x00, 0x00, 0x01, 0x1b, 0x03, 0x3b,
  0x90, 0x00, 0x00, 0x00, 0x11, 0x00, 0x00, 0x00, 0x84, 0x10, 0x00, 0x00,
  0xac, 0x00, 0x00, 0x00, 0xc4, 0x10, 0x00, 0x00, 0xcc, 0x00, 0x00, 0x00,
  0x14, 0x12, 0x00, 0x00, 0xec, 0x00, 0x00, 0x00, 0x1c, 0x12, 0x00, 0x00,
  0x04, 0x01, 0x00, 0x00, 0x5c, 0x12, 0x00, 0x00, 0x24, 0x01, 0x00, 0x00,
  0xa4, 0x12, 0x00, 0x00, 0x44, 0x01, 0x00, 0x00, 0xac, 0x12, 0x00, 0x00,
  0x5c, 0x01, 0x00, 0x00, 0x84, 0x13, 0x00, 0x00, 0x7c, 0x01, 0x00, 0x00,
  0x5c, 0x14, 0x00, 0x00, 0x9c, 0x01, 0x00, 0x00, 0x34, 0x15, 0x00, 0x00,
  0xbc, 0x01, 0x00, 0x00, 0x14, 0x16, 0x00, 0x00, 0xe4, 0x01, 0x00, 0x00,
  0xf4, 0x16, 0x00, 0x00, 0x0c, 0x02, 0x00, 0x00, 0xfc, 0x16, 0x00, 0x00,
  0x24, 0x02, 0x00, 0x00, 0xd4, 0x17, 0x00, 0x00, 0x44, 0x02, 0x00, 0x00,
  0xb4, 0x18, 0x00, 0x00, 0x6c, 0x02, 0x00, 0x00, 0x8c, 0x19, 0x00, 0x00,
  0x8c, 0x02, 0x00, 0x00, 0xd4, 0x19, 0x00, 0x00, 0xac, 0x02, 0x00, 0x00,
  0x14, 0x00, 0x00, 0x00, 0x00, 0x00, 0x00, 0x00, 0x01, 0x7a, 0x52, 0x00,
  0x01, 0x7c, 0x1e, 0x01, 0x1b, 0x0c, 0x1f, 0x00, 0x00, 0x00, 0x00, 0x00,
  0x1c, 0x00, 0x00, 0x00, 0x1c, 0x00, 0x00, 0x00, 0xd0, 0x0f, 0x00, 0x00,
  0x40, 0x00, 0x00, 0x00, 0x00, 0x4c, 0x0c, 0x1d, 0x10, 0x9e, 0x02, 0x9d,
  0x04, 0x00, 0x00, 0x00, 0x00, 0x00, 0x00, 0x00, 0x1c, 0x00, 0x00, 0x00,
  0x3c, 0x00, 0x00, 0x00, 0xf0, 0x0f, 0x00, 0x00, 0x4c, 0x01, 0x00, 0x00,
  0x00, 0x50, 0x0c, 0x1d, 0x20, 0x93, 0x02, 0x94, 0x04, 0x9e, 0x06, 0x9d,
  0x08, 0x00, 0x00, 0x00, 0x14, 0x00, 0x00, 0x00, 0x5c, 0x00, 0x00, 0x00,
  0x20, 0x11, 0x00, 0x00, 0x08, 0x00, 0x00, 0x00, 0x00, 0x00, 0x00, 0x00,
  0x00, 0x00, 0x00, 0x00, 0x1c, 0x00, 0x00, 0x00, 0x74, 0x00, 0x00, 0x00,
  0x10, 0x11, 0x00, 0x00, 0x40, 0x00, 0x00, 0x00, 0x00, 0x4c, 0x0c, 0x1d,
  0x20, 0x93, 0x04, 0x9e, 0x06, 0x9d, 0x08, 0x00, 0x00, 0x00, 0x00, 0x00,
  0x1c, 0x00, 0x00, 0x00, 0x94, 0x00, 0x00, 0x00, 0x30, 0x11, 0x00, 0x00,
  0x48, 0x00, 0x00, 0x00, 0x00, 0x4c, 0x0c, 0x1d, 0x20, 0x93, 0x02, 0x94,
  0x04, 0x9e, 0x06, 0x9d, 0x08, 0x00, 0x00, 0x00, 0x14, 0x00, 0x00, 0x00,
  0xb4, 0x00, 0x00, 0x00, 0x58, 0x11, 0x00, 0x00, 0x08, 0x00, 0x00, 0x00,
  0x00, 0x00, 0x00, 0x00, 0x00, 0x00, 0x00, 0x00, 0x1c, 0x00, 0x00, 0x00,
  0xcc, 0x00, 0x00, 0x00, 0x48, 0x11, 0x00, 0x00, 0xd4, 0x00, 0x00, 0x00,
  0x00, 0x54, 0x0c, 0x1d, 0x30, 0x93, 0x02, 0x94, 0x04, 0x95, 0x08, 0x9e,
  0x0a, 0x9d, 0x0c, 0x00, 0x1c, 0x00, 0x00, 0x00, 0xec, 0x00, 0x00, 0x00,
  0x00, 0x12, 0x00, 0x00, 0xd4, 0x00, 0x00, 0x00, 0x00, 0x54, 0x0c, 0x1d,
  0x30, 0x93, 0x02, 0x94, 0x04, 0x95, 0x08, 0x9e, 0x0a, 0x9d, 0x0c, 0x00,
  0x1c, 0x00, 0x00, 0x00, 0x0c, 0x01, 0x00, 0x00, 0xb8, 0x12, 0x00, 0x00,
  0xd4, 0x00, 0x00, 0x00, 0x00, 0x54, 0x0c, 0x1d, 0x30, 0x93, 0x02, 0x94,
  0x04, 0x95, 0x08, 0x9e, 0x0a, 0x9d, 0x0c, 0x00, 0x24, 0x00, 0x00, 0x00,
  0x2c, 0x01, 0x00, 0x00, 0x70, 0x13, 0x00, 0x00, 0xdc, 0x00, 0x00, 0x00,
  0x00, 0x54, 0x0c, 0x1d, 0x30, 0x93, 0x02, 0x94, 0x04, 0x95, 0x06, 0x96,
  0x08, 0x9e, 0x0a, 0x9d, 0x0c, 0x00, 0x00, 0x00, 0x00, 0x00, 0x00, 0x00,
  0x24, 0x00, 0x00, 0x00, 0x54, 0x01, 0x00, 0x00, 0x28, 0x14, 0x00, 0x00,
  0xdc, 0x00, 0x00, 0x00, 0x00, 0x54, 0x0c, 0x1d, 0x30, 0x93, 0x02, 0x94,
  0x04, 0x95, 0x06, 0x96, 0x08, 0x9e, 0x0a, 0x9d, 0x0c, 0x00, 0x00, 0x00,
  0x00, 0x00, 0x00, 0x00, 0x14, 0x00, 0x00, 0x00, 0x7c, 0x01, 0x00, 0x00,
  0xe0, 0x14, 0x00, 0x00, 0x08, 0x00, 0x00, 0x00, 0x00, 0x00, 0x00, 0x00,
  0x00, 0x00, 0x00, 0x00, 0x1c, 0x00, 0x00, 0x00, 0x94, 0x01, 0x00, 0x00,
  0xd0, 0x14, 0x00, 0x00, 0xd4, 0x00, 0x00, 0x00, 0x00, 0x54, 0x0c, 0x1d,
  0x30, 0x93, 0x02, 0x94, 0x04, 0x95, 0x08, 0x9e, 0x0a, 0x9d, 0x0c, 0x00,
  0x24, 0x00, 0x00, 0x00, 0xb4, 0x01, 0x00, 0x00, 0x88, 0x15, 0x00, 0x00,
  0xdc, 0x00, 0x00, 0x00, 0x00, 0x54, 0x0c, 0x1d, 0x30, 0x93, 0x02, 0x94,
  0x04, 0x95, 0x06, 0x96, 0x08, 0x9e, 0x0a, 0x9d, 0x0c, 0x00, 0x00, 0x00,
  0x00, 0x00, 0x00, 0x00, 0x1c, 0x00, 0x00, 0x00, 0xdc, 0x01, 0x00, 0x00,
  0x40, 0x16, 0x00, 0x00, 0xd4, 0x00, 0x00, 0x00, 0x00, 0x54, 0x0c, 0x1d,
  0x30, 0x93, 0x02, 0x94, 0x04, 0x95, 0x08, 0x9e, 0x0a, 0x9d, 0x0c, 0x00,
  0x1c, 0x00, 0x00, 0x00, 0xfc, 0x01, 0x00, 0x00, 0xf8, 0x16, 0x00, 0x00,
  0x48, 0x00, 0x00, 0x00, 0x00, 0x4c, 0x0c, 0x1d, 0x20, 0x93, 0x04, 0x9e,
  0x06, 0x9d, 0x08, 0x00, 0x00, 0x00, 0x00, 0x00, 0x24, 0x00, 0x00, 0x00,
  0x1c, 0x02, 0x00, 0x00, 0x20, 0x17, 0x00, 0x00, 0x50, 0x00, 0x00, 0x00,
  0x00, 0x4c, 0x0c, 0x1d, 0x20, 0x93, 0x02, 0x94, 0x04, 0x9e, 0x06, 0x9d,
  0x08, 0x00, 0x00, 0x00, 0x00, 0x00, 0x00, 0x00, 0x00, 0x00, 0x00, 0x00,
  0x00, 0x00, 0x00, 0x00, 0x00, 0x00, 0x00, 0x00, 0x00, 0x00, 0x00, 0x00,
  0x00, 0x00, 0x00, 0x00, 0x00, 0x00, 0x00, 0x00, 0x00, 0x00, 0x00, 0x00,
  0x00, 0x00, 0x00, 0x00, 0x00, 0x00, 0x00, 0x00, 0x00, 0x00, 0x00, 0x00,
  0x00, 0x00, 0x00, 0x00, 0x00, 0x00, 0x00, 0x00, 0x00, 0x00, 0x00, 0x00,
  0x00, 0x00, 0x00, 0x00, 0x00, 0x00, 0x00, 0x00, 0x00, 0x00, 0x00, 0x00,
  0x00, 0x00, 0x00, 0x00, 0x00, 0x00, 0x00, 0x00, 0x00, 0x00, 0x00, 0x00,
  0x00, 0x00, 0x00, 0x00, 0x00, 0x00, 0x00, 0x00, 0x00, 0x00, 0x00, 0x00,
  0x00, 0x00, 0x00, 0x00, 0x00, 0x00, 0x00, 0x00, 0x00, 0x00, 0x00, 0x00,
  0x00, 0x00, 0x00, 0x00, 0x00, 0x00, 0x00, 0x00, 0x00, 0x00, 0x00, 0x00,
  0x00, 0x00, 0x00, 0x00, 0x00, 0x00, 0x00, 0x00, 0x00, 0x00, 0x00, 0x00,
  0x00, 0x00, 0x00, 0x00, 0x00, 0x00, 0x00, 0x00, 0x00, 0x00, 0x00, 0x00,
  0x00, 0x00, 0x00, 0x00, 0x00, 0x00, 0x00, 0x00, 0x00, 0x00, 0x00, 0x00,
  0x00, 0x00, 0x00, 0x00, 0x00, 0x00, 0x00, 0x00, 0x00, 0x00, 0x00, 0x00,
  0x00, 0x00, 0x00, 0x00, 0x00, 0x00, 0x00, 0x00, 0x00, 0x00, 0x00, 0x00,
  0x00, 0x00, 0x00, 0x00, 0x00, 0x00, 0x00, 0x00, 0x00, 0x00, 0x00, 0x00,
  0x00, 0x00, 0x00, 0x00, 0x00, 0x00, 0x00, 0x00, 0x00, 0x00, 0x00, 0x00,
  0x00, 0x00, 0x00, 0x00, 0x00, 0x00, 0x00, 0x00, 0x00, 0x00, 0x00, 0x00,
  0x00, 0x00, 0x00, 0x00, 0x00, 0x00, 0x00, 0x00, 0x00, 0x00, 0x00, 0x00,
  0x00, 0x00, 0x00, 0x00, 0x00, 0x00, 0x00, 0x00, 0x00, 0x00, 0x00, 0x00,
  0x00, 0x00, 0x00, 0x00, 0x00, 0x00, 0x00, 0x00, 0x00, 0x00, 0x00, 0x00,
  0x00, 0x00, 0x00, 0x00, 0x00, 0x00, 0x00, 0x00, 0x00, 0x00, 0x00, 0x00,
  0x00, 0x00, 0x00, 0x00, 0x00, 0x00, 0x00, 0x00, 0x00, 0x00, 0x00, 0x00,
  0x00, 0x00, 0x00, 0x00, 0x00, 0x00, 0x00, 0x00, 0x00, 0x00, 0x00, 0x00,
  0x00, 0x00, 0x00, 0x00, 0x00, 0x00, 0x00, 0x00, 0x00, 0x00, 0x00, 0x00,
  0x00, 0x00, 0x00, 0x00, 0x00, 0x00, 0x00, 0x00, 0x00, 0x00, 0x00, 0x00,
  0x00, 0x00, 0x00, 0x00, 0x00, 0x00, 0x00, 0x00, 0x00, 0x00, 0x00, 0x00,
  0x00, 0x00, 0x00, 0x00, 0x00, 0x00, 0x00, 0x00, 0x00, 0x00, 0x00, 0x00,
  0x00, 0x00, 0x00, 0x00, 0x00, 0x00, 0x00, 0x00, 0x00, 0x00, 0x00, 0x00,
  0x00, 0x00, 0x00, 0x00, 0x00, 0x00, 0x00, 0x00, 0x00, 0x00, 0x00, 0x00,
  0x00, 0x00, 0x00, 0x00, 0x00, 0x00, 0x00, 0x00, 0x00, 0x00, 0x00, 0x00,
  0x00, 0x00, 0x00, 0x00, 0x00, 0x00, 0x00, 0x00, 0x00, 0x00, 0x00, 0x00,
  0x00, 0x00, 0x00, 0x00, 0x00, 0x00, 0x00, 0x00, 0x00, 0x00, 0x00, 0x00,
  0x00, 0x00, 0x00, 0x00, 0x00, 0x00, 0x00, 0x00, 0x00, 0x00, 0x00, 0x00,
  0x00, 0x00, 0x00, 0x00, 0x00, 0x00, 0x00, 0x00, 0x00, 0x00, 0x00, 0x00,
  0x00, 0x00, 0x00, 0x00, 0x00, 0x00, 0x00, 0x00, 0x00, 0x00, 0x00, 0x00,
  0x00, 0x00, 0x00, 0x00, 0x00, 0x00, 0x00, 0x00, 0x00, 0x00, 0x00, 0x00,
  0x00, 0x00, 0x00, 0x00, 0x00, 0x00, 0x00, 0x00, 0x00, 0x00, 0x00, 0x00,
  0x00, 0x00, 0x00, 0x00, 0x00, 0x00, 0x00, 0x00, 0x00, 0x00, 0x00, 0x00,
  0x00, 0x00, 0x00, 0x00, 0x00, 0x00, 0x00, 0x00, 0x00, 0x00, 0x00, 0x00,
  0x00, 0x00, 0x00, 0x00, 0x00, 0x00, 0x00, 0x00, 0x00, 0x00, 0x00, 0x00,
  0x00, 0x00, 0x00, 0x00, 0x00, 0x00, 0x00, 0x00, 0x00, 0x00, 0x00, 0x00,
  0x00, 0x00, 0x00, 0x00, 0x00, 0x00, 0x00, 0x00, 0x00, 0x00, 0x00, 0x00,
  0x00, 0x00, 0x00, 0x00, 0x00, 0x00, 0x00, 0x00, 0x00, 0x00, 0x00, 0x00,
  0x00, 0x00, 0x00, 0x00, 0x00, 0x00, 0x00, 0x00, 0x00, 0x00, 0x00, 0x00,
  0x00, 0x00, 0x00, 0x00, 0x00, 0x00, 0x00, 0x00, 0x00, 0x00, 0x00, 0x00,
  0x00, 0x00, 0x00, 0x00, 0x00, 0x00, 0x00, 0x00, 0x00, 0x00, 0x00, 0x00,
  0x00, 0x00, 0x00, 0x00, 0x00, 0x00, 0x00, 0x00, 0x00, 0x00, 0x00, 0x00,
  0x00, 0x00, 0x00, 0x00, 0x00, 0x00, 0x00, 0x00, 0x00, 0x00, 0x00, 0x00,
  0x00, 0x00, 0x00, 0x00, 0x00, 0x00, 0x00, 0x00, 0x00, 0x00, 0x00, 0x00,
  0x00, 0x00, 0x00, 0x00, 0x00, 0x00, 0x00, 0x00, 0x00, 0x00, 0x00, 0x00,
  0x00, 0x00, 0x00, 0x00, 0x00, 0x00, 0x00, 0x00, 0x00, 0x00, 0x00, 0x00,
  0x00, 0x00, 0x00, 0x00, 0x00, 0x00, 0x00, 0x00, 0x00, 0x00, 0x00, 0x00,
  0x00, 0x00, 0x00, 0x00, 0x00, 0x00, 0x00, 0x00, 0x00, 0x00, 0x00, 0x00,
  0x00, 0x00, 0x00, 0x00, 0x00, 0x00, 0x00, 0x00, 0x00, 0x00, 0x00, 0x00,
  0x00, 0x00, 0x00, 0x00, 0x00, 0x00, 0x00, 0x00, 0x00, 0x00, 0x00, 0x00,
  0x00, 0x00, 0x00, 0x00, 0x00, 0x00, 0x00, 0x00, 0x00, 0x00, 0x00, 0x00,
  0x00, 0x00, 0x00, 0x00, 0x00, 0x00, 0x00, 0x00, 0x00, 0x00, 0x00, 0x00,
  0x00, 0x00, 0x00, 0x00, 0x00, 0x00, 0x00, 0x00, 0x00, 0x00, 0x00, 0x00,
  0x00, 0x00, 0x00, 0x00, 0x00, 0x00, 0x00, 0x00, 0x00, 0x00, 0x00, 0x00,
  0x00, 0x00, 0x00, 0x00, 0x00, 0x00, 0x00, 0x00, 0x00, 0x00, 0x00, 0x00,
  0x00, 0x00, 0x00, 0x00, 0x00, 0x00, 0x00, 0x00, 0x00, 0x00, 0x00, 0x00,
  0x00, 0x00, 0x00, 0x00, 0x00, 0x00, 0x00, 0x00, 0x00, 0x00, 0x00, 0x00,
  0x00, 0x00, 0x00, 0x00, 0x00, 0x00, 0x00, 0x00, 0x00, 0x00, 0x00, 0x00,
  0x00, 0x00, 0x00, 0x00, 0x00, 0x00, 0x00, 0x00, 0x00, 0x00, 0x00, 0x00,
  0x00, 0x00, 0x00, 0x00, 0x00, 0x00, 0x00, 0x00, 0x00, 0x00, 0x00, 0x00,
  0x00, 0x00, 0x00, 0x00, 0x00, 0x00, 0x00, 0x00, 0x00, 0x00, 0x00, 0x00,
  0x00, 0x00, 0x00, 0x00, 0x00, 0x00, 0x00, 0x00, 0x00, 0x00, 0x00, 0x00,
  0x00, 0x00, 0x00, 0x00, 0x00, 0x00, 0x00, 0x00, 0x00, 0x00, 0x00, 0x00,
  0x00, 0x00, 0x00, 0x00, 0x00, 0x00, 0x00, 0x00, 0x00, 0x00, 0x00, 0x00,
  0x00, 0x00, 0x00, 0x00, 0x00, 0x00, 0x00, 0x00, 0x00, 0x00, 0x00, 0x00,
  0x00, 0x00, 0x00, 0x00, 0x00, 0x00, 0x00, 0x00, 0x00, 0x00, 0x00, 0x00,
  0x00, 0x00, 0x00, 0x00, 0x00, 0x00, 0x00, 0x00, 0x00, 0x00, 0x00, 0x00,
  0x00, 0x00, 0x00, 0x00, 0x00, 0x00, 0x00, 0x00, 0x00, 0x00, 0x00, 0x00,
  0x00, 0x00, 0x00, 0x00, 0x00, 0x00, 0x00, 0x00, 0x00, 0x00, 0x00, 0x00,
  0x00, 0x00, 0x00, 0x00, 0x00, 0x00, 0x00, 0x00, 0x00, 0x00, 0x00, 0x00,
  0x00, 0x00, 0x00, 0x00, 0x00, 0x00, 0x00, 0x00, 0x00, 0x00, 0x00, 0x00,
  0x00, 0x00, 0x00, 0x00, 0x00, 0x00, 0x00, 0x00, 0x00, 0x00, 0x00, 0x00,
  0x00, 0x00, 0x00, 0x00, 0x00, 0x00, 0x00, 0x00, 0x00, 0x00, 0x00, 0x00,
  0x00, 0x00, 0x00, 0x00, 0x00, 0x00, 0x00, 0x00, 0x00, 0x00, 0x00, 0x00,
  0x00, 0x00, 0x00, 0x00, 0x00, 0x00, 0x00, 0x00, 0x00, 0x00, 0x00, 0x00,
  0x00, 0x00, 0x00, 0x00, 0x00, 0x00, 0x00, 0x00, 0x00, 0x00, 0x00, 0x00,
  0x00, 0x00, 0x00, 0x00, 0x00, 0x00, 0x00, 0x00, 0x00, 0x00, 0x00, 0x00,
  0x00, 0x00, 0x00, 0x00, 0x00, 0x00, 0x00, 0x00, 0x00, 0x00, 0x00, 0x00,
  0x00, 0x00, 0x00, 0x00, 0x00, 0x00, 0x00, 0x00, 0x00, 0x00, 0x00, 0x00,
  0x00, 0x00, 0x00, 0x00, 0x00, 0x00, 0x00, 0x00, 0x00, 0x00, 0x00, 0x00,
  0x00, 0x00, 0x00, 0x00, 0x00, 0x00, 0x00, 0x00, 0x00, 0x00, 0x00, 0x00,
  0x00, 0x00, 0x00, 0x00, 0x00, 0x00, 0x00, 0x00, 0x00, 0x00, 0x00, 0x00,
  0x00, 0x00, 0x00, 0x00, 0x00, 0x00, 0x00, 0x00, 0x00, 0x00, 0x00, 0x00,
  0x00, 0x00, 0x00, 0x00, 0x00, 0x00, 0x00, 0x00, 0x00, 0x00, 0x00, 0x00,
  0x00, 0x00, 0x00, 0x00, 0x00, 0x00, 0x00, 0x00, 0x00, 0x00, 0x00, 0x00,
  0x00, 0x00, 0x00, 0x00, 0x00, 0x00, 0x00, 0x00, 0x00, 0x00, 0x00, 0x00,
  0x00, 0x00, 0x00, 0x00, 0x00, 0x00, 0x00, 0x00, 0x00, 0x00, 0x00, 0x00,
  0x00, 0x00, 0x00, 0x00, 0x00, 0x00, 0x00, 0x00, 0x00, 0x00, 0x00, 0x00,
  0x00, 0x00, 0x00, 0x00, 0x00, 0x00, 0x00, 0x00, 0x00, 0x00, 0x00, 0x00,
  0x00, 0x00, 0x00, 0x00, 0x00, 0x00, 0x00, 0x00, 0x00, 0x00, 0x00, 0x00,
  0x00, 0x00, 0x00, 0x00, 0x00, 0x00, 0x00, 0x00, 0x00, 0x00, 0x00, 0x00,
  0x00, 0x00, 0x00, 0x00, 0x00, 0x00, 0x00, 0x00, 0x00, 0x00, 0x00, 0x00,
  0x00, 0x00, 0x00, 0x00, 0x00, 0x00, 0x00, 0x00, 0x00, 0x00, 0x00, 0x00,
  0x00, 0x00, 0x00, 0x00, 0x00, 0x00, 0x00, 0x00, 0x00, 0x00, 0x00, 0x00,
  0x00, 0x00, 0x00, 0x00, 0x00, 0x00, 0x00, 0x00, 0x00, 0x00, 0x00, 0x00,
  0x00, 0x00, 0x00, 0x00, 0x00, 0x00, 0x00, 0x00, 0x00, 0x00, 0x00, 0x00,
  0x00, 0x00, 0x00, 0x00, 0x00, 0x00, 0x00, 0x00, 0x00, 0x00, 0x00, 0x00,
  0x00, 0x00, 0x00, 0x00, 0x00, 0x00, 0x00, 0x00, 0x00, 0x00, 0x00, 0x00,
  0x00, 0x00, 0x00, 0x00, 0x00, 0x00, 0x00, 0x00, 0x00, 0x00, 0x00, 0x00,
  0x00, 0x00, 0x00, 0x00, 0x00, 0x00, 0x00, 0x00, 0x00, 0x00, 0x00, 0x00,
  0x00, 0x00, 0x00, 0x00, 0x00, 0x00, 0x00, 0x00, 0x00, 0x00, 0x00, 0x00,
  0x00, 0x00, 0x00, 0x00, 0x00, 0x00, 0x00, 0x00, 0x00, 0x00, 0x00, 0x00,
  0x00, 0x00, 0x00, 0x00, 0x00, 0x00, 0x00, 0x00, 0x00, 0x00, 0x00, 0x00,
  0x00, 0x00, 0x00, 0x00, 0x00, 0x00, 0x00, 0x00, 0x00, 0x00, 0x00, 0x00,
  0x00, 0x00, 0x00, 0x00, 0x00, 0x00, 0x00, 0x00, 0x00, 0x00, 0x00, 0x00,
  0x00, 0x00, 0x00, 0x00, 0x00, 0x00, 0x00, 0x00, 0x00, 0x00, 0x00, 0x00,
  0x00, 0x00, 0x00, 0x00, 0x00, 0x00, 0x00, 0x00, 0x00, 0x00, 0x00, 0x00,
  0x00, 0x00, 0x00, 0x00, 0x00, 0x00, 0x00, 0x00, 0x00, 0x00, 0x00, 0x00,
  0x00, 0x00, 0x00, 0x00, 0x00, 0x00, 0x00, 0x00, 0x00, 0x00, 0x00, 0x00,
  0x00, 0x00, 0x00, 0x00, 0x00, 0x00, 0x00, 0x00, 0x00, 0x00, 0x00, 0x00,
  0x00, 0x00, 0x00, 0x00, 0x00, 0x00, 0x00, 0x00, 0x00, 0x00, 0x00, 0x00,
  0x00, 0x00, 0x00, 0x00, 0x00, 0x00, 0x00, 0x00, 0x00, 0x00, 0x00, 0x00,
  0x00, 0x00, 0x00, 0x00, 0x00, 0x00, 0x00, 0x00, 0x00, 0x00, 0x00, 0x00,
  0x00, 0x00, 0x00, 0x00, 0x00, 0x00, 0x00, 0x00, 0x00, 0x00, 0x00, 0x00,
  0x00, 0x00, 0x00, 0x00, 0x00, 0x00, 0x00, 0x00, 0x00, 0x00, 0x00, 0x00,
  0x00, 0x00, 0x00, 0x00, 0x00, 0x00, 0x00, 0x00, 0x00, 0x00, 0x00, 0x00,
  0x00, 0x00, 0x00, 0x00, 0x00, 0x00, 0x00, 0x00, 0x00, 0x00, 0x00, 0x00,
  0x00, 0x00, 0x00, 0x00, 0x00, 0x00, 0x00, 0x00, 0x00, 0x00, 0x00, 0x00,
  0x00, 0x00, 0x00, 0x00, 0x00, 0x00, 0x00, 0x00, 0x00, 0x00, 0x00, 0x00,
  0x00, 0x00, 0x00, 0x00, 0x00, 0x00, 0x00, 0x00, 0x00, 0x00, 0x00, 0x00,
  0x00, 0x00, 0x00, 0x00, 0x00, 0x00, 0x00, 0x00, 0x00, 0x00, 0x00, 0x00,
  0x00, 0x00, 0x00, 0x00, 0x00, 0x00, 0x00, 0x00, 0x00, 0x00, 0x00, 0x00,
  0x00, 0x00, 0x00, 0x00, 0x00, 0x00, 0x00, 0x00, 0x00, 0x00, 0x00, 0x00,
  0x00, 0x00, 0x00, 0x00, 0x00, 0x00, 0x00, 0x00, 0x00, 0x00, 0x00, 0x00,
  0x00, 0x00, 0x00, 0x00, 0x00, 0x00, 0x00, 0x00, 0x00, 0x00, 0x00, 0x00,
  0x00, 0x00, 0x00, 0x00, 0x00, 0x00, 0x00, 0x00, 0x00, 0x00, 0x00, 0x00,
  0x00, 0x00, 0x00, 0x00, 0x00, 0x00, 0x00, 0x00, 0x00, 0x00, 0x00, 0x00,
  0x00, 0x00, 0x00, 0x00, 0x00, 0x00, 0x00, 0x00, 0x00, 0x00, 0x00, 0x00,
  0x00, 0x00, 0x00, 0x00, 0x00, 0x00, 0x00, 0x00, 0x00, 0x00, 0x00, 0x00,
  0x00, 0x00, 0x00, 0x00, 0x00, 0x00, 0x00, 0x00, 0x00, 0x00, 0x00, 0x00,
  0x00, 0x00, 0x00, 0x00, 0x00, 0x00, 0x00, 0x00, 0x00, 0x00, 0x00, 0x00,
  0x00, 0x00, 0x00, 0x00, 0x00, 0x00, 0x00, 0x00, 0x00, 0x00, 0x00, 0x00,
  0x00, 0x00, 0x00, 0x00, 0x00, 0x00, 0x00, 0x00, 0x00, 0x00, 0x00, 0x00,
  0x00, 0x00, 0x00, 0x00, 0x00, 0x00, 0x00, 0x00, 0x00, 0x00, 0x00, 0x00,
  0x00, 0x00, 0x00, 0x00, 0x00, 0x00, 0x00, 0x00, 0x00, 0x00, 0x00, 0x00,
  0x00, 0x00, 0x00, 0x00, 0x00, 0x00, 0x00, 0x00, 0x00, 0x00, 0x00, 0x00,
  0x00, 0x00, 0x00, 0x00, 0x00, 0x00, 0x00, 0x00, 0x00, 0x00, 0x00, 0x00,
  0x00, 0x00, 0x00, 0x00, 0x00, 0x00, 0x00, 0x00, 0x00, 0x00, 0x00, 0x00,
  0x00, 0x00, 0x00, 0x00, 0x00, 0x00, 0x00, 0x00, 0x00, 0x00, 0x00, 0x00,
  0x00, 0x00, 0x00, 0x00, 0x00, 0x00, 0x00, 0x00, 0x00, 0x00, 0x00, 0x00,
  0x00, 0x00, 0x00, 0x00, 0x00, 0x00, 0x00, 0x00, 0x00, 0x00, 0x00, 0x00,
  0x00, 0x00, 0x00, 0x00, 0x00, 0x00, 0x00, 0x00, 0x00, 0x00, 0x00, 0x00,
  0x00, 0x00, 0x00, 0x00, 0x00, 0x00, 0x00, 0x00, 0x00, 0x00, 0x00, 0x00,
  0x00, 0x00, 0x00, 0x00, 0x00, 0x00, 0x00, 0x00, 0x00, 0x00, 0x00, 0x00,
  0x00, 0x00, 0x00, 0x00, 0x00, 0x00, 0x00, 0x00, 0x00, 0x00, 0x00, 0x00,
  0x00, 0x00, 0x00, 0x00, 0x00, 0x00, 0x00, 0x00, 0x00, 0x00, 0x00, 0x00,
  0x00, 0x00, 0x00, 0x00, 0x00, 0x00, 0x00, 0x00, 0x00, 0x00, 0x00, 0x00,
  0x00, 0x00, 0x00, 0x00, 0x00, 0x00, 0x00, 0x00, 0x00, 0x00, 0x00, 0x00,
  0x00, 0x00, 0x00, 0x00, 0x00, 0x00, 0x00, 0x00, 0x00, 0x00, 0x00, 0x00,
  0x00, 0x00, 0x00, 0x00, 0x00, 0x00, 0x00, 0x00, 0x00, 0x00, 0x00, 0x00,
  0x00, 0x00, 0x00, 0x00, 0x00, 0x00, 0x00, 0x00, 0x00, 0x00, 0x00, 0x00,
  0x00, 0x00, 0x00, 0x00, 0x00, 0x00, 0x00, 0x00, 0x00, 0x00, 0x00, 0x00,
  0x00, 0x00, 0x00, 0x00, 0x00, 0x00, 0x00, 0x00, 0x00, 0x00, 0x00, 0x00,
  0x00, 0x00, 0x00, 0x00, 0x00, 0x00, 0x00, 0x00, 0x00, 0x00, 0x00, 0x00,
  0x00, 0x00, 0x00, 0x00, 0x00, 0x00, 0x00, 0x00, 0x00, 0x00, 0x00, 0x00,
  0x00, 0x00, 0x00, 0x00, 0x00, 0x00, 0x00, 0x00, 0x00, 0x00, 0x00, 0x00,
  0x00, 0x00, 0x00, 0x00, 0x00, 0x00, 0x00, 0x00, 0x00, 0x00, 0x00, 0x00,
  0x00, 0x00, 0x00, 0x00, 0x00, 0x00, 0x00, 0x00, 0x00, 0x00, 0x00, 0x00,
  0x00, 0x00, 0x00, 0x00, 0x00, 0x00, 0x00, 0x00, 0x00, 0x00, 0x00, 0x00,
  0x00, 0x00, 0x00, 0x00, 0x00, 0x00, 0x00, 0x00, 0x00, 0x00, 0x00, 0x00,
  0x00, 0x00, 0x00, 0x00, 0x00, 0x00, 0x00, 0x00, 0x00, 0x00, 0x00, 0x00,
  0x00, 0x00, 0x00, 0x00, 0x00, 0x00, 0x00, 0x00, 0x00, 0x00, 0x00, 0x00,
  0x00, 0x00, 0x00, 0x00, 0x00, 0x00, 0x00, 0x00, 0x00, 0x00, 0x00, 0x00,
  0x00, 0x00, 0x00, 0x00, 0x00, 0x00, 0x00, 0x00, 0x00, 0x00, 0x00, 0x00,
  0x00, 0x00, 0x00, 0x00, 0x00, 0x00, 0x00, 0x00, 0x00, 0x00, 0x00, 0x00,
  0x00, 0x00, 0x00, 0x00, 0x00, 0x00, 0x00, 0x00, 0x00, 0x00, 0x00, 0x00,
  0x00, 0x00, 0x00, 0x00, 0x00, 0x00, 0x00, 0x00, 0x00, 0x00, 0x00, 0x00,
  0x00, 0x00, 0x00, 0x00, 0x00, 0x00, 0x00, 0x00, 0x00, 0x00, 0x00, 0x00,
  0x00, 0x00, 0x00, 0x00, 0x00, 0x00, 0x00, 0x00, 0x00, 0x00, 0x00, 0x00,
  0x00, 0x00, 0x00, 0x00, 0x00, 0x00, 0x00, 0x00, 0x00, 0x00, 0x00, 0x00,
  0x00, 0x00, 0x00, 0x00, 0x00, 0x00, 0x00, 0x00, 0x00, 0x00, 0x00, 0x00,
  0x00, 0x00, 0x00, 0x00, 0x00, 0x00, 0x00, 0x00, 0x00, 0x00, 0x00, 0x00,
  0x00, 0x00, 0x00, 0x00, 0x00, 0x00, 0x00, 0x00, 0x00, 0x00, 0x00, 0x00,
  0x00, 0x00, 0x00, 0x00, 0x00, 0x00, 0x00, 0x00, 0x00, 0x00, 0x00, 0x00,
  0x00, 0x00, 0x00, 0x00, 0x00, 0x00, 0x00, 0x00, 0x00, 0x00, 0x00, 0x00,
  0x00, 0x00, 0x00, 0x00, 0x00, 0x00, 0x00, 0x00, 0x00, 0x00, 0x00, 0x00,
  0x00, 0x00, 0x00, 0x00, 0x00, 0x00, 0x00, 0x00, 0x00, 0x00, 0x00, 0x00,
  0x00, 0x00, 0x00, 0x00, 0x00, 0x00, 0x00, 0x00, 0x00, 0x00, 0x00, 0x00,
  0x00, 0x00, 0x00, 0x00, 0x00, 0x00, 0x00, 0x00, 0x00, 0x00, 0x00, 0x00,
  0x00, 0x00, 0x00, 0x00, 0x00, 0x00, 0x00, 0x00, 0x00, 0x00, 0x00, 0x00,
  0x00, 0x00, 0x00, 0x00, 0x00, 0x00, 0x00, 0x00, 0x00, 0x00, 0x00, 0x00,
  0x00, 0x00, 0x00, 0x00, 0x00, 0x00, 0x00, 0x00, 0x00, 0x00, 0x00, 0x00,
  0x00, 0x00, 0x00, 0x00, 0x00, 0x00, 0x00, 0x00, 0x00, 0x00, 0x00, 0x00,
  0x00, 0x00, 0x00, 0x00, 0x00, 0x00, 0x00, 0x00, 0x00, 0x00, 0x00, 0x00,
  0x00, 0x00, 0x00, 0x00, 0x00, 0x00, 0x00, 0x00, 0x00, 0x00, 0x00, 0x00,
  0x00, 0x00, 0x00, 0x00, 0x00, 0x00, 0x00, 0x00, 0x00, 0x00, 0x00, 0x00,
  0x00, 0x00, 0x00, 0x00, 0x00, 0x00, 0x00, 0x00, 0x00, 0x00, 0x00, 0x00,
  0x00, 0x00, 0x00, 0x00, 0x00, 0x00, 0x00, 0x00, 0x00, 0x00, 0x00, 0x00,
  0x00, 0x00, 0x00, 0x00, 0x00, 0x00, 0x00, 0x00, 0x00, 0x00, 0x00, 0x00,
  0x00, 0x00, 0x00, 0x00, 0x00, 0x00, 0x00, 0x00, 0x00, 0x00, 0x00, 0x00,
  0x00, 0x00, 0x00, 0x00, 0x00, 0x00, 0x00, 0x00, 0x00, 0x00, 0x00, 0x00,
  0x00, 0x00, 0x00, 0x00, 0x00, 0x00, 0x00, 0x00, 0x00, 0x00, 0x00, 0x00,
  0x00, 0x00, 0x00, 0x00, 0x00, 0x00, 0x00, 0x00, 0x00, 0x00, 0x00, 0x00,
  0x00, 0x00, 0x00, 0x00, 0x00, 0x00, 0x00, 0x00, 0x00, 0x00, 0x00, 0x00,
  0x00, 0x00, 0x00, 0x00, 0x00, 0x00, 0x00, 0x00, 0x00, 0x00, 0x00, 0x00,
  0x00, 0x00, 0x00, 0x00, 0x00, 0x00, 0x00, 0x00, 0x00, 0x00, 0x00, 0x00,
  0x00, 0x00, 0x00, 0x00, 0x00, 0x00, 0x00, 0x00, 0x00, 0x00, 0x00, 0x00,
  0x00, 0x00, 0x00, 0x00, 0x00, 0x00, 0x00, 0x00, 0x00, 0x00, 0x00, 0x00,
  0x00, 0x00, 0x00, 0x00, 0x00, 0x00, 0x00, 0x00, 0x00, 0x00, 0x00, 0x00,
  0x00, 0x00, 0x00, 0x00, 0x00, 0x00, 0x00, 0x00, 0x00, 0x00, 0x00, 0x00,
  0x00, 0x00, 0x00, 0x00, 0x00, 0x00, 0x00, 0x00, 0x00, 0x00, 0x00, 0x00,
  0x00, 0x00, 0x00, 0x00, 0x00, 0x00, 0x00, 0x00, 0x00, 0x00, 0x00, 0x00,
  0x00, 0x00, 0x00, 0x00, 0x00, 0x00, 0x00, 0x00, 0x00, 0x00, 0x00, 0x00,
  0x00, 0x00, 0x00, 0x00, 0x00, 0x00, 0x00, 0x00, 0x00, 0x00, 0x00, 0x00,
  0x00, 0x00, 0x00, 0x00, 0x00, 0x00, 0x00, 0x00, 0x00, 0x00, 0x00, 0x00,
  0x00, 0x00, 0x00, 0x00, 0x00, 0x00, 0x00, 0x00, 0x00, 0x00, 0x00, 0x00,
  0x00, 0x00, 0x00, 0x00, 0x00, 0x00, 0x00, 0x00, 0x00, 0x00, 0x00, 0x00,
  0x00, 0x00, 0x00, 0x00, 0x00, 0x00, 0x00, 0x00, 0x00, 0x00, 0x00, 0x00,
  0x00, 0x00, 0x00, 0x00, 0x00, 0x00, 0x00, 0x00, 0x00, 0x00, 0x00, 0x00,
  0x00, 0x00, 0x00, 0x00, 0x00, 0x00, 0x00, 0x00, 0x00, 0x00, 0x00, 0x00,
  0x00, 0x00, 0x00, 0x00, 0x00, 0x00, 0x00, 0x00, 0x00, 0x00, 0x00, 0x00,
  0x00, 0x00, 0x00, 0x00, 0x00, 0x00, 0x00, 0x00, 0x00, 0x00, 0x00, 0x00,
  0x00, 0x00, 0x00, 0x00, 0x00, 0x00, 0x00, 0x00, 0x00, 0x00, 0x00, 0x00,
  0x00, 0x00, 0x00, 0x00, 0x00, 0x00, 0x00, 0x00, 0x00, 0x00, 0x00, 0x00,
  0x00, 0x00, 0x00, 0x00, 0x00, 0x00, 0x00, 0x00, 0x00, 0x00, 0x00, 0x00,
  0x00, 0x00, 0x00, 0x00, 0x00, 0x00, 0x00, 0x00, 0x00, 0x00, 0x00, 0x00,
  0x00, 0x00, 0x00, 0x00, 0x00, 0x00, 0x00, 0x00, 0x00, 0x00, 0x00, 0x00,
  0x00, 0x00, 0x00, 0x00, 0x00, 0x00, 0x00, 0x00, 0x00, 0x00, 0x00, 0x00,
  0x00, 0x00, 0x00, 0x00, 0x00, 0x00, 0x00, 0x00, 0x00, 0x00, 0x00, 0x00,
  0x00, 0x00, 0x00, 0x00, 0x00, 0x00, 0x00, 0x00, 0x00, 0x00, 0x00, 0x00,
  0x00, 0x00, 0x00, 0x00, 0x00, 0x00, 0x00, 0x00, 0x00, 0x00, 0x00, 0x00,
  0x00, 0x00, 0x00, 0x00, 0x00, 0x00, 0x00, 0x00, 0x00, 0x00, 0x00, 0x00,
  0x00, 0x00, 0x00, 0x00, 0x00, 0x00, 0x00, 0x00, 0x00, 0x00, 0x00, 0x00,
  0x00, 0x00, 0x00, 0x00, 0x00, 0x00, 0x00, 0x00, 0x00, 0x00, 0x00, 0x00,
  0x00, 0x00, 0x00, 0x00, 0x00, 0x00, 0x00, 0x00, 0x00, 0x00, 0x00, 0x00,
  0x00, 0x00, 0x00, 0x00, 0x00, 0x00, 0x00, 0x00, 0x00, 0x00, 0x00, 0x00,
  0x00, 0x00, 0x00, 0x00, 0x00, 0x00, 0x00, 0x00, 0x00, 0x00, 0x00, 0x00,
  0x00, 0x00, 0x00, 0x00, 0x00, 0x00, 0x00, 0x00, 0x00, 0x00, 0x00, 0x00,
  0x00, 0x00, 0x00, 0x00, 0x00, 0x00, 0x00, 0x00, 0x00, 0x00, 0x00, 0x00,
  0x00, 0x00, 0x00, 0x00, 0x00, 0x00, 0x00, 0x00, 0x00, 0x00, 0x00, 0x00,
  0x00, 0x00, 0x00, 0x00, 0x00, 0x00, 0x00, 0x00, 0x00, 0x00, 0x00, 0x00,
  0x00, 0x00, 0x00, 0x00, 0x00, 0x00, 0x00, 0x00, 0x00, 0x00, 0x00, 0x00,
  0x00, 0x00, 0x00, 0x00, 0x00, 0x00, 0x00, 0x00, 0x00, 0x00, 0x00, 0x00,
  0x00, 0x00, 0x00, 0x00, 0x00, 0x00, 0x00, 0x00, 0x00, 0x00, 0x00, 0x00,
  0x00, 0x00, 0x00, 0x00, 0x00, 0x00, 0x00, 0x00, 0x00, 0x00, 0x00, 0x00,
  0x00, 0x00, 0x00, 0x00, 0x00, 0x00, 0x00, 0x00, 0x00, 0x00, 0x00, 0x00,
  0x00, 0x00, 0x00, 0x00, 0x00, 0x00, 0x00, 0x00, 0x00, 0x00, 0x00, 0x00,
  0x00, 0x00, 0x00, 0x00, 0x00, 0x00, 0x00, 0x00, 0x00, 0x00, 0x00, 0x00,
  0x00, 0x00, 0x00, 0x00, 0x00, 0x00, 0x00, 0x00, 0x00, 0x00, 0x00, 0x00,
  0x00, 0x00, 0x00, 0x00, 0x00, 0x00, 0x00, 0x00, 0x00, 0x00, 0x00, 0x00,
  0x00, 0x00, 0x00, 0x00, 0x00, 0x00, 0x00, 0x00, 0x00, 0x00, 0x00, 0x00,
  0x00, 0x00, 0x00, 0x00, 0x00, 0x00, 0x00, 0x00, 0x00, 0x00, 0x00, 0x00,
  0x00, 0x00, 0x00, 0x00, 0x00, 0x00, 0x00, 0x00, 0x00, 0x00, 0x00, 0x00,
  0x00, 0x00, 0x00, 0x00, 0x00, 0x00, 0x00, 0x00, 0x00, 0x00, 0x00, 0x00,
  0x00, 0x00, 0x00, 0x00, 0x00, 0x00, 0x00, 0x00, 0x00, 0x00, 0x00, 0x00,
  0x00, 0x00, 0x00, 0x00, 0x00, 0x00, 0x00, 0x00, 0x00, 0x00, 0x00, 0x00,
  0x00, 0x00, 0x00, 0x00, 0x00, 0x00, 0x00, 0x00, 0x00, 0x00, 0x00, 0x00,
  0x00, 0x00, 0x00, 0x00, 0x00, 0x00, 0x00, 0x00, 0x00, 0x00, 0x00, 0x00,
  0x00, 0x00, 0x00, 0x00, 0x00, 0x00, 0x00, 0x00, 0x00, 0x00, 0x00, 0x00,
  0x00, 0x00, 0x00, 0x00, 0x00, 0x00, 0x00, 0x00, 0x00, 0x00, 0x00, 0x00,
  0x00, 0x00, 0x00, 0x00, 0x00, 0x00, 0x00, 0x00, 0x00, 0x00, 0x00, 0x00,
  0x00, 0x00, 0x00, 0x00, 0x00, 0x00, 0x00, 0x00, 0x00, 0x00, 0x00, 0x00,
  0x00, 0x00, 0x00, 0x00, 0x00, 0x00, 0x00, 0x00, 0x00, 0x00, 0x00, 0x00,
  0x00, 0x00, 0x00, 0x00, 0x00, 0x00, 0x00, 0x00, 0x00, 0x00, 0x00, 0x00,
  0x00, 0x00, 0x00, 0x00, 0x00, 0x00, 0x00, 0x00, 0x00, 0x00, 0x00, 0x00,
  0x00, 0x00, 0x00, 0x00, 0x00, 0x00, 0x00, 0x00, 0x00, 0x00, 0x00, 0x00,
  0x00, 0x00, 0x00, 0x00, 0x00, 0x00, 0x00, 0x00, 0x00, 0x00, 0x00, 0x00,
  0x00, 0x00, 0x00, 0x00, 0x00, 0x00, 0x00, 0x00, 0x00, 0x00, 0x00, 0x00,
  0x00, 0x00, 0x00, 0x00, 0x00, 0x00, 0x00, 0x00, 0x00, 0x00, 0x00, 0x00,
  0x00, 0x00, 0x00, 0x00, 0x00, 0x00, 0x00, 0x00, 0x00, 0x00, 0x00, 0x00,
  0x00, 0x00, 0x00, 0x00, 0x00, 0x00, 0x00, 0x00, 0x00, 0x00, 0x00, 0x00,
  0x00, 0x00, 0x00, 0x00, 0x00, 0x00, 0x00, 0x00, 0x00, 0x00, 0x00, 0x00,
  0x00, 0x00, 0x00, 0x00, 0x00, 0x00, 0x00, 0x00, 0x00, 0x00, 0x00, 0x00,
  0x00, 0x00, 0x00, 0x00, 0x00, 0x00, 0x00, 0x00, 0x00, 0x00, 0x00, 0x00,
  0x00, 0x00, 0x00, 0x00, 0x00, 0x00, 0x00, 0x00, 0x00, 0x00, 0x00, 0x00,
  0x00, 0x00, 0x00, 0x00, 0x00, 0x00, 0x00, 0x00, 0x00, 0x00, 0x00, 0x00,
  0x00, 0x00, 0x00, 0x00, 0x00, 0x00, 0x00, 0x00, 0x00, 0x00, 0x00, 0x00,
  0x00, 0x00, 0x00, 0x00, 0x00, 0x00, 0x00, 0x00, 0x00, 0x00, 0x00, 0x00,
  0x00, 0x00, 0x00, 0x00, 0x00, 0x00, 0x00, 0x00, 0x00, 0x00, 0x00, 0x00,
  0x00, 0x00, 0x00, 0x00, 0x00, 0x00, 0x00, 0x00, 0x00, 0x00, 0x00, 0x00,
  0x00, 0x00, 0x00, 0x00, 0x00, 0x00, 0x00, 0x00, 0x00, 0x00, 0x00, 0x00,
  0x00, 0x00, 0x00, 0x00, 0x00, 0x00, 0x00, 0x00, 0x00, 0x00, 0x00, 0x00,
  0x00, 0x00, 0x00, 0x00, 0x00, 0x00, 0x00, 0x00, 0x00, 0x00, 0x00, 0x00,
  0x00, 0x00, 0x00, 0x00, 0x00, 0x00, 0x00, 0x00, 0x00, 0x00, 0x00, 0x00,
  0x00, 0x00, 0x00, 0x00, 0x00, 0x00, 0x00, 0x00, 0x00, 0x00, 0x00, 0x00,
  0x00, 0x00, 0x00, 0x00, 0x00, 0x00, 0x00, 0x00, 0x00, 0x00, 0x00, 0x00,
  0x00, 0x00, 0x00, 0x00, 0x00, 0x00, 0x00, 0x00, 0x00, 0x00, 0x00, 0x00,
  0x00, 0x00, 0x00, 0x00, 0x00, 0x00, 0x00, 0x00, 0x00, 0x00, 0x00, 0x00,
  0x00, 0x00, 0x00, 0x00, 0x00, 0x00, 0x00, 0x00, 0x00, 0x00, 0x00, 0x00,
  0x00, 0x00, 0x00, 0x00, 0x00, 0x00, 0x00, 0x00, 0x00, 0x00, 0x00, 0x00,
  0x00, 0x00, 0x00, 0x00, 0x00, 0x00, 0x00, 0x00, 0x00, 0x00, 0x00, 0x00,
  0x00, 0x00, 0x00, 0x00, 0x00, 0x00, 0x00, 0x00, 0x00, 0x00, 0x00, 0x00,
  0x00, 0x00, 0x00, 0x00, 0x00, 0x00, 0x00, 0x00, 0x00, 0x00, 0x00, 0x00,
  0x00, 0x00, 0x00, 0x00, 0x00, 0x00, 0x00, 0x00, 0x00, 0x00, 0x00, 0x00,
  0x00, 0x00, 0x00, 0x00, 0x00, 0x00, 0x00, 0x00, 0x00, 0x00, 0x00, 0x00,
  0x9f, 0x24, 0x03, 0xd5, 0x1d, 0x00, 0x80, 0xd2, 0x1e, 0x00, 0x80, 0xd2,
  0xe0, 0x03, 0x00, 0x91, 0x02, 0x00, 0x00, 0x14, 0x00, 0x00, 0x00, 0x00,
  0xff, 0xc3, 0x00, 0xd1, 0xfd, 0x7b, 0x02, 0xa9, 0xfd, 0x83, 0x00, 0x91,
  0x08, 0x00, 0x00, 0xb0, 0x09, 0x00, 0x00, 0xb0, 0x08, 0x01, 0x00, 0x91,
  0x29, 0x41, 0x00, 0x91, 0x02, 0x00, 0x00, 0xb0, 0xe3, 0x23, 0x00, 0x91,
  0xe1, 0x03, 0x1f, 0xaa, 0xe8, 0xa7, 0x00, 0xa9, 0x08, 0x00, 0x00, 0xb0,
  0x08, 0x81, 0x00, 0x91, 0xe8, 0x0f, 0x00, 0xf9, 0x42, 0x64, 0x42, 0xf9,
  0x63, 0x02, 0x00, 0x94, 0xff, 0x43, 0x01, 0xd1, 0xfd, 0x7b, 0x03, 0xa9,
  0xfd, 0xc3, 0x00, 0x91, 0xf4, 0x4f, 0x04, 0xa9, 0x54, 0xd0, 0x3b, 0xd5,
  0xe1, 0xff, 0xff, 0xd0, 0x88, 0x16, 0x40, 0xf9, 0xe2, 0xff, 0xff, 0xd0,
  0x21, 0x18, 0x3c, 0x91, 0x42, 0xe8, 0x3c, 0x91, 0x80, 0x00, 0x80, 0x52,
  0xa8, 0x83, 0x1f, 0xf8, 0x5a, 0x02, 0x00, 0x94, 0xc0, 0x00, 0x80, 0x52,
  0x21, 0x00, 0x80, 0x52, 0x5b, 0x02, 0x00, 0x94, 0x00, 0x23, 0x80, 0x52,
  0x5d, 0x02, 0x00, 0x94, 0xf3, 0x03, 0x00, 0xaa, 0x00, 0x20, 0x04, 0x91,
  0x5e, 0x02, 0x00, 0x94, 0x08, 0x00, 0x00, 0xb0, 0x60, 0x22, 0x00, 0x91,
  0x08, 0x21, 0x01, 0x91, 0x09, 0xc1, 0x03, 0x91, 0x68, 0x02, 0x00, 0xf9,
  0x69, 0x86, 0x00, 0xf9, 0x5b, 0x02, 0x00, 0x94, 0xa8, 0x03, 0x13, 0xca,
  0xb3, 0x03, 0x1f, 0xf8, 0x1f, 0xfd, 0x3f, 0xf1, 0x48, 0x00, 0x00, 0x54,
  0x5a, 0x02, 0x00, 0x94, 0x68, 0x02, 0x40, 0xf9, 0xa1, 0x43, 0x00, 0xd1,
  0x08, 0x81, 0x5e, 0xf8, 0x60, 0x02, 0x08, 0x8b, 0x59, 0x02, 0x00, 0x94,
  0x89, 0xad, 0x8c, 0xd2, 0xa0, 0x03, 0x5f, 0xf8, 0xe9, 0x2c, 0xac, 0xf2,
  0x08, 0x02, 0x80, 0x52, 0x69, 0x2c, 0xcf, 0xf2, 0xe1, 0x23, 0x00, 0x91,
  0xe9, 0x05, 0xe6, 0xf2, 0xff, 0xff, 0x00, 0xa9, 0xff, 0x0f, 0x00, 0xf9,
  0xe8, 0x23, 0x00, 0x39, 0xe9, 0x93, 0x00, 0xf8, 0xff, 0x47, 0x00, 0x39,
  0x50, 0x02, 0x00, 0x94, 0xe8, 0x23, 0x40, 0x39, 0xf3, 0x03, 0x00, 0x2a,
  0x68, 0x00, 0x00, 0x36, 0xe0, 0x0f, 0x40, 0xf9, 0x4f, 0x02, 0x00, 0x94,
  0x53, 0x02, 0x00, 0x35, 0x51, 0x02, 0x00, 0x94, 0xa8, 0x03, 0x5f, 0xf8,
  0xc8, 0x00, 0x00, 0xb4, 0x09, 0x01, 0x40, 0xf9, 0xa1, 0x43, 0x00, 0xd1,
  0x29, 0x81, 0x5e, 0xf8, 0x00, 0x01, 0x09, 0x8b, 0x4e, 0x02, 0x00, 0x94,
  0x88, 0x16, 0x40, 0xf9, 0xa9, 0x83, 0x5f, 0xf8, 0x1f, 0x01, 0x09, 0xeb,
  0xc1, 0x01, 0x00, 0x54, 0xf4, 0x4f, 0x44, 0xa9, 0xe0, 0x03, 0x1f, 0x2a,
  0xfd, 0x7b, 0x43, 0xa9, 0xff, 0x43, 0x01, 0x91, 0xc0, 0x03, 0x5f, 0xd6,
  0xe0, 0xff, 0xff, 0xd0, 0xe1, 0xff, 0xff, 0xd0, 0xe2, 0xff, 0xff, 0xd0,
  0x00, 0xc0, 0x3b, 0x91, 0x21, 0x18, 0x3c, 0x91, 0x42, 0x90, 0x3d, 0x91,
  0xe3, 0x03, 0x13, 0x2a, 0x41, 0x02, 0x00, 0x94, 0x44, 0x02, 0x00, 0x94,
  0x00, 0x00, 0x00, 0x00, 0xe0, 0x03, 0x1f, 0x2a, 0xc0, 0x03, 0x5f, 0xd6,
  0xfd, 0x7b, 0xbe, 0xa9, 0xf3, 0x0b, 0x00, 0xf9, 0xfd, 0x03, 0x00, 0x91,
  0x09, 0x00, 0x00, 0xb0, 0x08, 0x20, 0x00, 0x91, 0x29, 0x21, 0x01, 0x91,
  0x13, 0x20, 0x04, 0x91, 0x2a, 0xc1, 0x03, 0x91, 0x09, 0x00, 0x00, 0xf9,
  0x0a, 0x84, 0x00, 0xf9, 0xe0, 0x03, 0x08, 0xaa, 0x39, 0x02, 0x00, 0x94,
  0xe0, 0x03, 0x13, 0xaa, 0xf3, 0x0b, 0x40, 0xf9, 0xfd, 0x7b, 0xc2, 0xa8,
  0x39, 0x02, 0x00, 0x14, 0xfd, 0x7b, 0xbe, 0xa9, 0xf4, 0x4f, 0x01, 0xa9,
  0xfd, 0x03, 0x00, 0x91, 0x08, 0x00, 0x00, 0xb0, 0xf3, 0x03, 0x00, 0xaa,
  0x08, 0x21, 0x01, 0x91, 0x14, 0x20, 0x04, 0x91, 0x09, 0xc1, 0x03, 0x91,
  0x00, 0x20, 0x00, 0x91, 0x68, 0x02, 0x00, 0xf9, 0x69, 0x86, 0x00, 0xf9,
  0x29, 0x02, 0x00, 0x94, 0xe0, 0x03, 0x14, 0xaa, 0x2b, 0x02, 0x00, 0x94,
  0xe0, 0x03, 0x13, 0xaa, 0xf4, 0x4f, 0x41, 0xa9, 0xfd, 0x7b, 0xc2, 0xa8,
  0x0f, 0x02, 0x00, 0x14, 0x00, 0x20, 0x00, 0x91, 0x29, 0x02, 0x00, 0x14,
  0xff, 0xc3, 0x01, 0xd1, 0xfd, 0x7b, 0x04, 0xa9, 0xfd, 0x03, 0x01, 0x91,
  0xf5, 0x2b, 0x00, 0xf9, 0xf4, 0x4f, 0x06, 0xa9, 0x55, 0xd0, 0x3b, 0xd5,
  0xf3, 0x03, 0x08, 0xaa, 0xa8, 0x16, 0x40, 0xf9, 0xe9, 0x03, 0x00, 0xaa,
  0x34, 0x21, 0x00, 0x91, 0xa8, 0x83, 0x1f, 0xf8, 0x20, 0x10, 0x40, 0xf9,
  0x00, 0x01, 0x00, 0xb4, 0x3f, 0x00, 0x00, 0xeb, 0x00, 0x01, 0x00, 0x54,
  0x08, 0x00, 0x40, 0xf9, 0x08, 0x09, 0x40, 0xf9, 0x00, 0x01, 0x3f, 0xd6,
  0xe0, 0x13, 0x00, 0xf9, 0x09, 0x00, 0x00, 0x14, 0xff, 0x13, 0x00, 0xf9,
  0x07, 0x00, 0x00, 0x14, 0xe8, 0x03, 0x00, 0x91, 0xe1, 0x03, 0x00, 0x91,
  0xe8, 0x13, 0x00, 0xf9, 0x08, 0x00, 0x40, 0xf9, 0x08, 0x0d, 0x40, 0xf9,
  0x00, 0x01, 0x3f, 0xd6, 0xe1, 0x03, 0x00, 0x91, 0xe8, 0x03, 0x13, 0xaa,
  0xe0, 0x03, 0x14, 0xaa, 0xf3, 0x03, 0x00, 0x91, 0x0c, 0x02, 0x00, 0x94,
  0xe0, 0x13, 0x40, 0xf9, 0x7f, 0x02, 0x00, 0xeb, 0xa0, 0x00, 0x00, 0x54,
  0xe0, 0x00, 0x00, 0xb4, 0x08, 0x00, 0x40, 0xf9, 0x08, 0x15, 0x40, 0xf9,
  0x03, 0x00, 0x00, 0x14, 0x08, 0x00, 0x40, 0xf9, 0x08, 0x11, 0x40, 0xf9,
  0x00, 0x01, 0x3f, 0xd6, 0xa8, 0x16, 0x40, 0xf9, 0xa9, 0x83, 0x5f, 0xf8,
  0x1f, 0x01, 0x09, 0xeb, 0xc1, 0x00, 0x00, 0x54, 0xf4, 0x4f, 0x46, 0xa9,
  0xf5, 0x2b, 0x40, 0xf9, 0xfd, 0x7b, 0x44, 0xa9, 0xff, 0xc3, 0x01, 0x91,
  0xc0, 0x03, 0x5f, 0xd6, 0xe8, 0x01, 0x00, 0x94, 0x00, 0x00, 0x00, 0x00,
  0xff, 0xc3, 0x01, 0xd1, 0xfd, 0x7b, 0x04, 0xa9, 0xfd, 0x03, 0x01, 0x91,
  0xf5, 0x2b, 0x00, 0xf9, 0xf4, 0x4f, 0x06, 0xa9, 0x55, 0xd0, 0x3b, 0xd5,
  0xf3, 0x03, 0x08, 0xaa, 0xa8, 0x16, 0x40, 0xf9, 0xe9, 0x03, 0x00, 0xaa,
  0x34, 0x21, 0x00, 0x91, 0xa8, 0x83, 0x1f, 0xf8, 0x20, 0x10, 0x40, 0xf9,
  0x00, 0x01, 0x00, 0xb4, 0x3f, 0x00, 0x00, 0xeb, 0x00, 0x01, 0x00, 0x54,
  0x08, 0x00, 0x40, 0xf9, 0x08, 0x09, 0x40, 0xf9, 0x00, 0x01, 0x3f, 0xd6,
  0xe0, 0x13, 0x00, 0xf9, 0x09, 0x00, 0x00, 0x14, 0xff, 0x13, 0x00, 0xf9,
  0x07, 0x00, 0x00, 0x14, 0xe8, 0x03, 0x00, 0x91, 0xe1, 0x03, 0x00, 0x91,
  0xe8, 0x13, 0x00, 0xf9, 0x08, 0x00, 0x40, 0xf9, 0x08, 0x0d, 0x40, 0xf9,
  0x00, 0x01, 0x3f, 0xd6, 0xe1, 0x03, 0x00, 0x91, 0xe8, 0x03, 0x13, 0xaa,
  0xe0, 0x03, 0x14, 0xaa, 0xf3, 0x03, 0x00, 0x91, 0xda, 0x01, 0x00, 0x94,
  0xe0, 0x13, 0x40, 0xf9, 0x7f, 0x02, 0x00, 0xeb, 0xa0, 0x00, 0x00, 0x54,
  0xe0, 0x00, 0x00, 0xb4, 0x08, 0x00, 0x40, 0xf9, 0x08, 0x15, 0x40, 0xf9,
  0x03, 0x00, 0x00, 0x14, 0x08, 0x00, 0x40, 0xf9, 0x08, 0x11, 0x40, 0xf9,
  0x00, 0x01, 0x3f, 0xd6, 0xa8, 0x16, 0x40, 0xf9, 0xa9, 0x83, 0x5f, 0xf8,
  0x1f, 0x01, 0x09, 0xeb, 0xc1, 0x00, 0x00, 0x54, 0xf4, 0x4f, 0x46, 0xa9,
  0xf5, 0x2b, 0x40, 0xf9, 0xfd, 0x7b, 0x44, 0xa9, 0xff, 0xc3, 0x01, 0x91,
  0xc0, 0x03, 0x5f, 0xd6, 0xb2, 0x01, 0x00, 0x94, 0x00, 0x00, 0x00, 0x00,
  0xff, 0xc3, 0x01, 0xd1, 0xfd, 0x7b, 0x04, 0xa9, 0xfd, 0x03, 0x01, 0x91,
  0xf5, 0x2b, 0x00, 0xf9, 0xf4, 0x4f, 0x06, 0xa9, 0x55, 0xd0, 0x3b, 0xd5,
  0xf3, 0x03, 0x08, 0xaa, 0xa8, 0x16, 0x40, 0xf9, 0xe9, 0x03, 0x00, 0xaa,
  0x34, 0x21, 0x00, 0x91, 0xa8, 0x83, 0x1f, 0xf8, 0x20, 0x10, 0x40, 0xf9,
  0x00, 0x01, 0x00, 0xb4, 0x3f, 0x00, 0x00, 0xeb, 0x00, 0x01, 0x00, 0x54,
  0x08, 0x00, 0x40, 0xf9, 0x08, 0x09, 0x40, 0xf9, 0x00, 0x01, 0x3f, 0xd6,
  0xe0, 0x13, 0x00, 0xf9, 0x09, 0x00, 0x00, 0x14, 0xff, 0x13, 0x00, 0xf9,
  0x07, 0x00, 0x00, 0x14, 0xe8, 0x03, 0x00, 0x91, 0xe1, 0x03, 0x00, 0x91,
  0xe8, 0x13, 0x00, 0xf9, 0x08, 0x00, 0x40, 0xf9, 0x08, 0x0d, 0x40, 0xf9,
  0x00, 0x01, 0x3f, 0xd6, 0xe1, 0x03, 0x00, 0x91, 0xe8, 0x03, 0x13, 0xaa,
  0xe0, 0x03, 0x14, 0xaa, 0xf3, 0x03, 0x00, 0x91, 0xa8, 0x01, 0x00, 0x94,
  0xe0, 0x13, 0x40, 0xf9, 0x7f, 0x02, 0x00, 0xeb, 0xa0, 0x00, 0x00, 0x54,
  0xe0, 0x00, 0x00, 0xb4, 0x08, 0x00, 0x40, 0xf9, 0x08, 0x15, 0x40, 0xf9,
  0x03, 0x00, 0x00, 0x14, 0x08, 0x00, 0x40, 0xf9, 0x08, 0x11, 0x40, 0xf9,
  0x00, 0x01, 0x3f, 0xd6, 0xa8, 0x16, 0x40, 0xf9, 0xa9, 0x83, 0x5f, 0xf8,
  0x1f, 0x01, 0x09, 0xeb, 0xc1, 0x00, 0x00, 0x54, 0xf4, 0x4f, 0x46, 0xa9,
  0xf5, 0x2b, 0x40, 0xf9, 0xfd, 0x7b, 0x44, 0xa9, 0xff, 0xc3, 0x01, 0x91,
  0xc0, 0x03, 0x5f, 0xd6, 0x7c, 0x01, 0x00, 0x94, 0x00, 0x00, 0x00, 0x00,
  0xff, 0xc3, 0x01, 0xd1, 0xfd, 0x7b, 0x04, 0xa9, 0xfd, 0x03, 0x01, 0x91,
  0xf6, 0x57, 0x05, 0xa9, 0xf4, 0x4f, 0x06, 0xa9, 0x56, 0xd0, 0x3b, 0xd5,
  0xf4, 0x03, 0x08, 0xaa, 0xc8, 0x16, 0x40, 0xf9, 0xe9, 0x03, 0x00, 0xaa,
  0xf3, 0x03, 0x01, 0xaa, 0x35, 0x21, 0x00, 0x91, 0xa8, 0x83, 0x1f, 0xf8,
  0x40, 0x10, 0x40, 0xf9, 0x00, 0x01, 0x00, 0xb4, 0x5f, 0x00, 0x00, 0xeb,
  0x00, 0x01, 0x00, 0x54, 0x08, 0x00, 0x40, 0xf9, 0x08, 0x09, 0x40, 0xf9,
  0x00, 0x01, 0x3f, 0xd6, 0xe0, 0x13, 0x00, 0xf9, 0x09, 0x00, 0x00, 0x14,
  0xff, 0x13, 0x00, 0xf9, 0x07, 0x00, 0x00, 0x14, 0xe8, 0x03, 0x00, 0x91,
  0xe1, 0x03, 0x00, 0x91, 0xe8, 0x13, 0x00, 0xf9, 0x08, 0x00, 0x40, 0xf9,
  0x08, 0x0d, 0x40, 0xf9, 0x00, 0x01, 0x3f, 0xd6, 0xe2, 0x03, 0x00, 0x91,
  0xe8, 0x03, 0x14, 0xaa, 0xe0, 0x03, 0x15, 0xaa, 0xe1, 0x03, 0x13, 0xaa,
  0xf3, 0x03, 0x00, 0x91, 0x74, 0x01, 0x00, 0x94, 0xe0, 0x13, 0x40, 0xf9,
  0x7f, 0x02, 0x00, 0xeb, 0xa0, 0x00, 0x00, 0x54, 0xe0, 0x00, 0x00, 0xb4,
  0x08, 0x00, 0x40, 0xf9, 0x08, 0x15, 0x40, 0xf9, 0x03, 0x00, 0x00, 0x14,
  0x08, 0x00, 0x40, 0xf9, 0x08, 0x11, 0x40, 0xf9, 0x00, 0x01, 0x3f, 0xd6,
  0xc8, 0x16, 0x40, 0xf9, 0xa9, 0x83, 0x5f, 0xf8, 0x1f, 0x01, 0x09, 0xeb,
  0xc1, 0x00, 0x00, 0x54, 0xf4, 0x4f, 0x46, 0xa9, 0xf6, 0x57, 0x45, 0xa9,
  0xfd, 0x7b, 0x44, 0xa9, 0xff, 0xc3, 0x01, 0x91, 0xc0, 0x03, 0x5f, 0xd6,
  0x44, 0x01, 0x00, 0x94, 0x00, 0x00, 0x00, 0x00, 0xff, 0xc3, 0x01, 0xd1,
  0xfd, 0x7b, 0x04, 0xa9, 0xfd, 0x03, 0x01, 0x91, 0xf6, 0x57, 0x05, 0xa9,
  0xf4, 0x4f, 0x06, 0xa9, 0x56, 0xd0, 0x3b, 0xd5, 0xf4, 0x03, 0x08, 0xaa,
  0xc8, 0x16, 0x40, 0xf9, 0xe9, 0x03, 0x00, 0xaa, 0xf3, 0x03, 0x01, 0xaa,
  0x35, 0x21, 0x00, 0x91, 0xa8, 0x83, 0x1f, 0xf8, 0x40, 0x10, 0x40, 0xf9,
  0x00, 0x01, 0x00, 0xb4, 0x5f, 0x00, 0x00, 0xeb, 0x00, 0x01, 0x00, 0x54,
  0x08, 0x00, 0x40, 0xf9, 0x08, 0x09, 0x40, 0xf9, 0x00, 0x01, 0x3f, 0xd6,
  0xe0, 0x13, 0x00, 0xf9, 0x09, 0x00, 0x00, 0x14, 0xff, 0x13, 0x00, 0xf9,
  0x07, 0x00, 0x00, 0x14, 0xe8, 0x03, 0x00, 0x91, 0xe1, 0x03, 0x00, 0x91,
  0xe8, 0x13, 0x00, 0xf9, 0x08, 0x00, 0x40, 0xf9, 0x08, 0x0d, 0x40, 0xf9,
  0x00, 0x01, 0x3f, 0xd6, 0xe2, 0x03, 0x00, 0x91, 0xe8, 0x03, 0x14, 0xaa,
  0xe0, 0x03, 0x15, 0xaa, 0xe1, 0x03, 0x13, 0xaa, 0xf3, 0x03, 0x00, 0x91,
  0x40, 0x01, 0x00, 0x94, 0xe0, 0x13, 0x40, 0xf9, 0x7f, 0x02, 0x00, 0xeb,
  0xa0, 0x00, 0x00, 0x54, 0xe0, 0x00, 0x00, 0xb4, 0x08, 0x00, 0x40, 0xf9,
  0x08, 0x15, 0x40, 0xf9, 0x03, 0x00, 0x00, 0x14, 0x08, 0x00, 0x40, 0xf9,
  0x08, 0x11, 0x40, 0xf9, 0x00, 0x01, 0x3f, 0xd6, 0xc8, 0x16, 0x40, 0xf9,
  0xa9, 0x83, 0x5f, 0xf8, 0x1f, 0x01, 0x09, 0xeb, 0xc1, 0x00, 0x00, 0x54,
  0xf4, 0x4f, 0x46, 0xa9, 0xf6, 0x57, 0x45, 0xa9, 0xfd, 0x7b, 0x44, 0xa9,
  0xff, 0xc3, 0x01, 0x91, 0xc0, 0x03, 0x5f, 0xd6, 0x0c, 0x01, 0x00, 0x94,
  0x00, 0x00, 0x00, 0x00, 0x00, 0x20, 0x00, 0x91, 0x2d, 0x01, 0x00, 0x14,
  0xff, 0xc3, 0x01, 0xd1, 0xfd, 0x7b, 0x04, 0xa9, 0xfd, 0x03, 0x01, 0x91,
  0xf5, 0x2b, 0x00, 0xf9, 0xf4, 0x4f, 0x06, 0xa9, 0x55, 0xd0, 0x3b, 0xd5,
  0xf3, 0x03, 0x08, 0xaa, 0xa8, 0x16, 0x40, 0xf9, 0xe9, 0x03, 0x00, 0xaa,
  0x34, 0x21, 0x00, 0x91, 0xa8, 0x83, 0x1f, 0xf8, 0x20, 0x10, 0x40, 0xf9,
  0x00, 0x01, 0x00, 0xb4, 0x3f, 0x00, 0x00, 0xeb, 0x00, 0x01, 0x00, 0x54,
  0x08, 0x00, 0x40, 0xf9, 0x08, 0x09, 0x40, 0xf9, 0x00, 0x01, 0x3f, 0xd6,
  0xe0, 0x13, 0x00, 0xf9, 0x09, 0x00, 0x00, 0x14, 0xff, 0x13, 0x00, 0xf9,
  0x07, 0x00, 0x00, 0x14, 0xe8, 0x03, 0x00, 0x91, 0xe1, 0x03, 0x00, 0x91,
  0xe8, 0x13, 0x00, 0xf9, 0x08, 0x00, 0x40, 0xf9, 0x08, 0x0d, 0x40, 0xf9,
  0x00, 0x01, 0x3f, 0xd6, 0xe1, 0x03, 0x00, 0x91, 0xe8, 0x03, 0x13, 0xaa,
  0xe0, 0x03, 0x14, 0xaa, 0xf3, 0x03, 0x00, 0x91, 0x10, 0x01, 0x00, 0x94,
  0xe0, 0x13, 0x40, 0xf9, 0x7f, 0x02, 0x00, 0xeb, 0xa0, 0x00, 0x00, 0x54,
  0xe0, 0x00, 0x00, 0xb4, 0x08, 0x00, 0x40, 0xf9, 0x08, 0x15, 0x40, 0xf9,
  0x03, 0x00, 0x00, 0x14, 0x08, 0x00, 0x40, 0xf9, 0x08, 0x11, 0x40, 0xf9,
  0x00, 0x01, 0x3f, 0xd6, 0xa8, 0x16, 0x40, 0xf9, 0xa9, 0x83, 0x5f, 0xf8,
  0x1f, 0x01, 0x09, 0xeb, 0xc1, 0x00, 0x00, 0x54, 0xf4, 0x4f, 0x46, 0xa9,
  0xf5, 0x2b, 0x40, 0xf9, 0xfd, 0x7b, 0x44, 0xa9, 0xff, 0xc3, 0x01, 0x91,
  0xc0, 0x03, 0x5f, 0xd6, 0xd4, 0x00, 0x00, 0x94, 0x00, 0x00, 0x00, 0x00,
  0xff, 0xc3, 0x01, 0xd1, 0xfd, 0x7b, 0x04, 0xa9, 0xfd, 0x03, 0x01, 0x91,
  0xf6, 0x57, 0x05, 0xa9, 0xf4, 0x4f, 0x06, 0xa9, 0x56, 0xd0, 0x3b, 0xd5,
  0xf4, 0x03, 0x08, 0xaa, 0xc8, 0x16, 0x40, 0xf9, 0xe9, 0x03, 0x00, 0xaa,
  0xf3, 0x03, 0x01, 0xaa, 0x35, 0x21, 0x00, 0x91, 0xa8, 0x83, 0x1f, 0xf8,
  0x40, 0x10, 0x40, 0xf9, 0x00, 0x01, 0x00, 0xb4, 0x5f, 0x00, 0x00, 0xeb,
  0x00, 0x01, 0x00, 0x54, 0x08, 0x00, 0x40, 0xf9, 0x08, 0x09, 0x40, 0xf9,
  0x00, 0x01, 0x3f, 0xd6, 0xe0, 0x13, 0x00, 0xf9, 0x09, 0x00, 0x00, 0x14,
  0xff, 0x13, 0x00, 0xf9, 0x07, 0x00, 0x00, 0x14, 0xe8, 0x03, 0x00, 0x91,
  0xe1, 0x03, 0x00, 0x91, 0xe8, 0x13, 0x00, 0xf9, 0x08, 0x00, 0x40, 0xf9,
  0x08, 0x0d, 0x40, 0xf9, 0x00, 0x01, 0x3f, 0xd6, 0xe2, 0x03, 0x00, 0x91,
  0xe8, 0x03, 0x14, 0xaa, 0xe0, 0x03, 0x15, 0xaa, 0xe1, 0x03, 0x13, 0xaa,
  0xf3, 0x03, 0x00, 0x91, 0xdc, 0x00, 0x00, 0x94, 0xe0, 0x13, 0x40, 0xf9,
  0x7f, 0x02, 0x00, 0xeb, 0xa0, 0x00, 0x00, 0x54, 0xe0, 0x00, 0x00, 0xb4,
  0x08, 0x00, 0x40, 0xf9, 0x08, 0x15, 0x40, 0xf9, 0x03, 0x00, 0x00, 0x14,
  0x08, 0x00, 0x40, 0xf9, 0x08, 0x11, 0x40, 0xf9, 0x00, 0x01, 0x3f, 0xd6,
  0xc8, 0x16, 0x40, 0xf9, 0xa9, 0x83, 0x5f, 0xf8, 0x1f, 0x01, 0x09, 0xeb,
  0xc1, 0x00, 0x00, 0x54, 0xf4, 0x4f, 0x46, 0xa9, 0xf6, 0x57, 0x45, 0xa9,
  0xfd, 0x7b, 0x44, 0xa9, 0xff, 0xc3, 0x01, 0x91, 0xc0, 0x03, 0x5f, 0xd6,
  0x9c, 0x00, 0x00, 0x94, 0x00, 0x00, 0x00, 0x00, 0xff, 0xc3, 0x01, 0xd1,
  0xfd, 0x7b, 0x04, 0xa9, 0xfd, 0x03, 0x01, 0x91, 0xf5, 0x2b, 0x00, 0xf9,
  0xf4, 0x4f, 0x06, 0xa9, 0x55, 0xd0, 0x3b, 0xd5, 0xf3, 0x03, 0x08, 0xaa,
  0xa8, 0x16, 0x40, 0xf9, 0xe9, 0x03, 0x00, 0xaa, 0x34, 0x21, 0x00, 0x91,
  0xa8, 0x83, 0x1f, 0xf8, 0x20, 0x10, 0x40, 0xf9, 0x00, 0x01, 0x00, 0xb4,
  0x3f, 0x00, 0x00, 0xeb, 0x00, 0x01, 0x00, 0x54, 0x08, 0x00, 0x40, 0xf9,
  0x08, 0x09, 0x40, 0xf9, 0x00, 0x01, 0x3f, 0xd6, 0xe0, 0x13, 0x00, 0xf9,
  0x09, 0x00, 0x00, 0x14, 0xff, 0x13, 0x00, 0xf9, 0x07, 0x00, 0x00, 0x14,
  0xe8, 0x03, 0x00, 0x91, 0xe1, 0x03, 0x00, 0x91, 0xe8, 0x13, 0x00, 0xf9,
  0x08, 0x00, 0x40, 0xf9, 0x08, 0x0d, 0x40, 0xf9, 0x00, 0x01, 0x3f, 0xd6,
  0xe1, 0x03, 0x00, 0x91, 0xe8, 0x03, 0x13, 0xaa, 0xe0, 0x03, 0x14, 0xaa,
  0xf3, 0x03, 0x00, 0x91, 0xaa, 0x00, 0x00, 0x94, 0xe0, 0x13, 0x40, 0xf9,
  0x7f, 0x02, 0x00, 0xeb, 0xa0, 0x00, 0x00, 0x54, 0xe0, 0x00, 0x00, 0xb4,
  0x08, 0x00, 0x40, 0xf9, 0x08, 0x15, 0x40, 0xf9, 0x03, 0x00, 0x00, 0x14,
  0x08, 0x00, 0x40, 0xf9, 0x08, 0x11, 0x40, 0xf9, 0x00, 0x01, 0x3f, 0xd6,
  0xa8, 0x16, 0x40, 0xf9, 0xa9, 0x83, 0x5f, 0xf8, 0x1f, 0x01, 0x09, 0xeb,
  0xc1, 0x00, 0x00, 0x54, 0xf4, 0x4f, 0x46, 0xa9, 0xf5, 0x2b, 0x40, 0xf9,
  0xfd, 0x7b, 0x44, 0xa9, 0xff, 0xc3, 0x01, 0x91, 0xc0, 0x03, 0x5f, 0xd6,
  0x66, 0x00, 0x00, 0x94, 0x00, 0x00, 0x00, 0x00, 0xfd, 0x7b, 0xbe, 0xa9,
  0xf3, 0x0b, 0x00, 0xf9, 0xfd, 0x03, 0x00, 0x91, 0x0a, 0x00, 0x40, 0xf9,
  0x08, 0x00, 0x00, 0xb0, 0x08, 0x21, 0x01, 0x91, 0x09, 0xc1, 0x03, 0x91,
  0x4a, 0x81, 0x5e, 0xf8, 0x0a, 0x00, 0x0a, 0x8b, 0x40, 0x21, 0x00, 0x91,
  0x53, 0x21, 0x04, 0x91, 0x48, 0x01, 0x00, 0xf9, 0x49, 0x85, 0x00, 0xf9,
  0x5b, 0x00, 0x00, 0x94, 0xe0, 0x03, 0x13, 0xaa, 0xf3, 0x0b, 0x40, 0xf9,
  0xfd, 0x7b, 0xc2, 0xa8, 0x5b, 0x00, 0x00, 0x14, 0xfd, 0x7b, 0xbe, 0xa9,
  0xf4, 0x4f, 0x01, 0xa9, 0xfd, 0x03, 0x00, 0x91, 0x0a, 0x00, 0x40, 0xf9,
  0x08, 0x00, 0x00, 0xb0, 0x08, 0x21, 0x01, 0x91, 0x09, 0xc1, 0x03, 0x91,
  0x4a, 0x81, 0x5e, 0xf8, 0x13, 0x00, 0x0a, 0x8b, 0x60, 0x22, 0x00, 0x91,
  0x74, 0x22, 0x04, 0x91, 0x68, 0x02, 0x00, 0xf9, 0x69, 0x86, 0x00, 0xf9,
  0x49, 0x00, 0x00, 0x94, 0xe0, 0x03, 0x14, 0xaa, 0x4b, 0x00, 0x00, 0x94,
  0xe0, 0x03, 0x13, 0xaa, 0xf4, 0x4f, 0x41, 0xa9, 0xfd, 0x7b, 0xc2, 0xa8,
  0x2f, 0x00, 0x00, 0x14, 0x00, 0x00, 0x00, 0x00, 0x00, 0x00, 0x00, 0x00,
  0xf0, 0x7b, 0xbf, 0xa9, 0x10, 0x00, 0x00, 0xb0, 0x11, 0x72, 0x42, 0xf9,
  0x10, 0x82, 0x13, 0x91, 0x20, 0x02, 0x1f, 0xd6, 0x1f, 0x20, 0x03, 0xd5,
  0x1f, 0x20, 0x03, 0xd5, 0x1f, 0x20, 0x03, 0xd5, 0x10, 0x00, 0x00, 0xb0,
  0x11, 0x76, 0x42, 0xf9, 0x10, 0xa2, 0x13, 0x91, 0x20, 0x02, 0x1f, 0xd6,
  0x10, 0x00, 0x00, 0xb0, 0x11, 0x7a, 0x42, 0xf9, 0x10, 0xc2, 0x13, 0x91,
  0x20, 0x02, 0x1f, 0xd6, 0x10, 0x00, 0x00, 0xb0, 0x11, 0x7e, 0x42, 0xf9,
  0x10, 0xe2, 0x13, 0x91, 0x20, 0x02, 0x1f, 0xd6, 0x10, 0x00, 0x00, 0xb0,
  0x11, 0x82, 0x42, 0xf9, 0x10, 0x02, 0x14, 0x91, 0x20, 0x02, 0x1f, 0xd6,
  0x10, 0x00, 0x00, 0xb0, 0x11, 0x86, 0x42, 0xf9, 0x10, 0x22, 0x14, 0x91,
  0x20, 0x02, 0x1f, 0xd6, 0x10, 0x00, 0x00, 0xb0, 0x11, 0x8a, 0x42, 0xf9,
  0x10, 0x42, 0x14, 0x91, 0x20, 0x02, 0x1f, 0xd6, 0x10, 0x00, 0x00, 0xb0,
  0x11, 0x8e, 0x42, 0xf9, 0x10, 0x62, 0x14, 0x91, 0x20, 0x02, 0x1f, 0xd6,
  0x10, 0x00, 0x00, 0xb0, 0x11, 0x92, 0x42, 0xf9, 0x10, 0x82, 0x14, 0x91,
  0x20, 0x02, 0x1f, 0xd6, 0x10, 0x00, 0x00, 0xb0, 0x11, 0x96, 0x42, 0xf9,
  0x10, 0xa2, 0x14, 0x91, 0x20, 0x02, 0x1f, 0xd6, 0x10, 0x00, 0x00, 0xb0,
  0x11, 0x9a, 0x42, 0xf9, 0x10, 0xc2, 0x14, 0x91, 0x20, 0x02, 0x1f, 0xd6,
  0x10, 0x00, 0x00, 0xb0, 0x11, 0x9e, 0x42, 0xf9, 0x10, 0xe2, 0x14, 0x91,
  0x20, 0x02, 0x1f, 0xd6, 0x10, 0x00, 0x00, 0xb0, 0x11, 0xa2, 0x42, 0xf9,
  0x10, 0x02, 0x15, 0x91, 0x20, 0x02, 0x1f, 0xd6, 0x10, 0x00, 0x00, 0xb0,
  0x11, 0xa6, 0x42, 0xf9, 0x10, 0x22, 0x15, 0x91, 0x20, 0x02, 0x1f, 0xd6,
  0x10, 0x00, 0x00, 0xb0, 0x11, 0xaa, 0x42, 0xf9, 0x10, 0x42, 0x15, 0x91,
  0x20, 0x02, 0x1f, 0xd6, 0x10, 0x00, 0x00, 0xb0, 0x11, 0xae, 0x42, 0xf9,
  0x10, 0x62, 0x15, 0x91, 0x20, 0x02, 0x1f, 0xd6, 0x10, 0x00, 0x00, 0xb0,
  0x11, 0xb2, 0x42, 0xf9, 0x10, 0x82, 0x15, 0x91, 0x20, 0x02, 0x1f, 0xd6,
  0x10, 0x00, 0x00, 0xb0, 0x11, 0xb6, 0x42, 0xf9, 0x10, 0xa2, 0x15, 0x91,
  0x20, 0x02, 0x1f, 0xd6, 0x10, 0x00, 0x00, 0xb0, 0x11, 0xba, 0x42, 0xf9,
  0x10, 0xc2, 0x15, 0x91, 0x20, 0x02, 0x1f, 0xd6, 0x10, 0x00, 0x00, 0xb0,
  0x11, 0xbe, 0x42, 0xf9, 0x10, 0xe2, 0x15, 0x91, 0x20, 0x02, 0x1f, 0xd6,
  0x10, 0x00, 0x00, 0xb0, 0x11, 0xc2, 0x42, 0xf9, 0x10, 0x02, 0x16, 0x91,
  0x20, 0x02, 0x1f, 0xd6, 0x10, 0x00, 0x00, 0xb0, 0x11, 0xc6, 0x42, 0xf9,
  0x10, 0x22, 0x16, 0x91, 0x20, 0x02, 0x1f, 0xd6, 0x10, 0x00, 0x00, 0xb0,
  0x11, 0xca, 0x42, 0xf9, 0x10, 0x42, 0x16, 0x91, 0x20, 0x02, 0x1f, 0xd6,
  0x10, 0x00, 0x00, 0xb0, 0x11, 0xce, 0x42, 0xf9, 0x10, 0x62, 0x16, 0x91,
  0x20, 0x02, 0x1f, 0xd6, 0x10, 0x00, 0x00, 0xb0, 0x11, 0xd2, 0x42, 0xf9,
  0x10, 0x82, 0x16, 0x91, 0x20, 0x02, 0x1f, 0xd6, 0x10, 0x00, 0x00, 0xb0,
  0x11, 0xd6, 0x42, 0xf9, 0x10, 0xa2, 0x16, 0x91, 0x20, 0x02, 0x1f, 0xd6,
  0x10, 0x00, 0x00, 0xb0, 0x11, 0xda, 0x42, 0xf9, 0x10, 0xc2, 0x16, 0x91,
  0x20, 0x02, 0x1f, 0xd6, 0x00, 0x00, 0x00, 0x00, 0x00, 0x00, 0x00, 0x00,
  0x00, 0x00, 0x00, 0x00, 0x00, 0x00, 0x00, 0x00, 0x00, 0x00, 0x00, 0x00,
  0x00, 0x00, 0x00, 0x00, 0x00, 0x00, 0x00, 0x00, 0x00, 0x00, 0x00, 0x00,
  0x00, 0x00, 0x00, 0x00, 0x00, 0x00, 0x00, 0x00, 0x00, 0x00, 0x00, 0x00,
  0x00, 0x00, 0x00, 0x00, 0x00, 0x00, 0x00, 0x00, 0x00, 0x00, 0x00, 0x00,
  0x00, 0x00, 0x00, 0x00, 0x00, 0x00, 0x00, 0x00, 0x00, 0x00, 0x00, 0x00,
  0x00, 0x00, 0x00, 0x00, 0x00, 0x00, 0x00, 0x00, 0x00, 0x00, 0x00, 0x00,
  0x00, 0x00, 0x00, 0x00, 0x00, 0x00, 0x00, 0x00, 0x00, 0x00, 0x00, 0x00,
  0x00, 0x00, 0x00, 0x00, 0x00, 0x00, 0x00, 0x00, 0x00, 0x00, 0x00, 0x00,
  0x00, 0x00, 0x00, 0x00, 0x00, 0x00, 0x00, 0x00, 0x00, 0x00, 0x00, 0x00,
  0x00, 0x00, 0x00, 0x00, 0x00, 0x00, 0x00, 0x00, 0x00, 0x00, 0x00, 0x00,
  0x00, 0x00, 0x00, 0x00, 0x00, 0x00, 0x00, 0x00, 0x00, 0x00, 0x00, 0x00,
  0x00, 0x00, 0x00, 0x00, 0x00, 0x00, 0x00, 0x00, 0x00, 0x00, 0x00, 0x00,
  0x00, 0x00, 0x00, 0x00, 0x00, 0x00, 0x00, 0x00, 0x00, 0x00, 0x00, 0x00,
  0x00, 0x00, 0x00, 0x00, 0x00, 0x00, 0x00, 0x00, 0x00, 0x00, 0x00, 0x00,
  0x00, 0x00, 0x00, 0x00, 0x00, 0x00, 0x00, 0x00, 0x00, 0x00, 0x00, 0x00,
  0x00, 0x00, 0x00, 0x00, 0x00, 0x00, 0x00, 0x00, 0x00, 0x00, 0x00, 0x00,
  0x00, 0x00, 0x00, 0x00, 0x00, 0x00, 0x00, 0x00, 0x00, 0x00, 0x00, 0x00,
  0x00, 0x00, 0x00, 0x00, 0x00, 0x00, 0x00, 0x00, 0x00, 0x00, 0x00, 0x00,
  0x00, 0x00, 0x00, 0x00, 0x00, 0x00, 0x00, 0x00, 0x00, 0x00, 0x00, 0x00,
  0x00, 0x00, 0x00, 0x00, 0x00, 0x00, 0x00, 0x00, 0x00, 0x00, 0x00, 0x00,
  0x00, 0x00, 0x00, 0x00, 0x00, 0x00, 0x00, 0x00, 0x00, 0x00, 0x00, 0x00,
  0x00, 0x00, 0x00, 0x00, 0x00, 0x00, 0x00, 0x00, 0x00, 0x00, 0x00, 0x00,
  0x00, 0x00, 0x00, 0x00, 0x00, 0x00, 0x00, 0x00, 0x00, 0x00, 0x00, 0x00,
  0x00, 0x00, 0x00, 0x00, 0x00, 0x00, 0x00, 0x00, 0x00, 0x00, 0x00, 0x00,
  0x00, 0x00, 0x00, 0x00, 0x00, 0x00, 0x00, 0x00, 0x00, 0x00, 0x00, 0x00,
  0x00, 0x00, 0x00, 0x00, 0x00, 0x00, 0x00, 0x00, 0x00, 0x00, 0x00, 0x00,
  0x00, 0x00, 0x00, 0x00, 0x00, 0x00, 0x00, 0x00, 0x00, 0x00, 0x00, 0x00,
  0x00, 0x00, 0x00, 0x00, 0x00, 0x00, 0x00, 0x00, 0x00, 0x00, 0x00, 0x00,
  0x00, 0x00, 0x00, 0x00, 0x00, 0x00, 0x00, 0x00, 0x00, 0x00, 0x00, 0x00,
  0x00, 0x00, 0x00, 0x00, 0x00, 0x00, 0x00, 0x00, 0x00, 0x00, 0x00, 0x00,
  0x00, 0x00, 0x00, 0x00, 0x00, 0x00, 0x00, 0x00, 0x00, 0x00, 0x00, 0x00,
  0x00, 0x00, 0x00, 0x00, 0x00, 0x00, 0x00, 0x00, 0x00, 0x00, 0x00, 0x00,
  0x00, 0x00, 0x00, 0x00, 0x00, 0x00, 0x00, 0x00, 0x00, 0x00, 0x00, 0x00,
  0x00, 0x00, 0x00, 0x00, 0x00, 0x00, 0x00, 0x00, 0x00, 0x00, 0x00, 0x00,
  0x00, 0x00, 0x00, 0x00, 0x00, 0x00, 0x00, 0x00, 0x00, 0x00, 0x00, 0x00,
  0x00, 0x00, 0x00, 0x00, 0x00, 0x00, 0x00, 0x00, 0x00, 0x00, 0x00, 0x00,
  0x00, 0x00, 0x00, 0x00, 0x00, 0x00, 0x00, 0x00, 0x00, 0x00, 0x00, 0x00,
  0x00, 0x00, 0x00, 0x00, 0x00, 0x00, 0x00, 0x00, 0x00, 0x00, 0x00, 0x00,
  0x00, 0x00, 0x00, 0x00, 0x00, 0x00, 0x00, 0x00, 0x00, 0x00, 0x00, 0x00,
  0x00, 0x00, 0x00, 0x00, 0x00, 0x00, 0x00, 0x00, 0x00, 0x00, 0x00, 0x00,
  0x00, 0x00, 0x00, 0x00, 0x00, 0x00, 0x00, 0x00, 0x00, 0x00, 0x00, 0x00,
  0x00, 0x00, 0x00, 0x00, 0x00, 0x00, 0x00, 0x00, 0x00, 0x00, 0x00, 0x00,
  0x00, 0x00, 0x00, 0x00, 0x00, 0x00, 0x00, 0x00, 0x00, 0x00, 0x00, 0x00,
  0x00, 0x00, 0x00, 0x00, 0x00, 0x00, 0x00, 0x00, 0x00, 0x00, 0x00, 0x00,
  0x00, 0x00, 0x00, 0x00, 0x00, 0x00, 0x00, 0x00, 0x00, 0x00, 0x00, 0x00,
  0x00, 0x00, 0x00, 0x00, 0x00, 0x00, 0x00, 0x00, 0x00, 0x00, 0x00, 0x00,
  0x00, 0x00, 0x00, 0x00, 0x00, 0x00, 0x00, 0x00, 0x00, 0x00, 0x00, 0x00,
  0x00, 0x00, 0x00, 0x00, 0x00, 0x00, 0x00, 0x00, 0x00, 0x00, 0x00, 0x00,
  0x00, 0x00, 0x00, 0x00, 0x00, 0x00, 0x00, 0x00, 0x00, 0x00, 0x00, 0x00,
  0x00, 0x00, 0x00, 0x00, 0x00, 0x00, 0x00, 0x00, 0x00, 0x00, 0x00, 0x00,
  0x00, 0x00, 0x00, 0x00, 0x00, 0x00, 0x00, 0x00, 0x00, 0x00, 0x00, 0x00,
  0x00, 0x00, 0x00, 0x00, 0x00, 0x00, 0x00, 0x00, 0x00, 0x00, 0x00, 0x00,
  0x00, 0x00, 0x00, 0x00, 0x00, 0x00, 0x00, 0x00, 0x00, 0x00, 0x00, 0x00,
  0x00, 0x00, 0x00, 0x00, 0x00, 0x00, 0x00, 0x00, 0x00, 0x00, 0x00, 0x00,
  0x00, 0x00, 0x00, 0x00, 0x00, 0x00, 0x00, 0x00, 0x00, 0x00, 0x00, 0x00,
  0x00, 0x00, 0x00, 0x00, 0x00, 0x00, 0x00, 0x00, 0x00, 0x00, 0x00, 0x00,
  0x00, 0x00, 0x00, 0x00, 0x00, 0x00, 0x00, 0x00, 0x00, 0x00, 0x00, 0x00,
  0x00, 0x00, 0x00, 0x00, 0x00, 0x00, 0x00, 0x00, 0x00, 0x00, 0x00, 0x00,
  0x00, 0x00, 0x00, 0x00, 0x00, 0x00, 0x00, 0x00, 0x00, 0x00, 0x00, 0x00,
  0x00, 0x00, 0x00, 0x00, 0x00, 0x00, 0x00, 0x00, 0x00, 0x00, 0x00, 0x00,
  0x00, 0x00, 0x00, 0x00, 0x00, 0x00, 0x00, 0x00, 0x00, 0x00, 0x00, 0x00,
  0x00, 0x00, 0x00, 0x00, 0x00, 0x00, 0x00, 0x00, 0x00, 0x00, 0x00, 0x00,
  0x00, 0x00, 0x00, 0x00, 0x00, 0x00, 0x00, 0x00, 0x00, 0x00, 0x00, 0x00,
  0x00, 0x00, 0x00, 0x00, 0x00, 0x00, 0x00, 0x00, 0x00, 0x00, 0x00, 0x00,
  0x00, 0x00, 0x00, 0x00, 0x00, 0x00, 0x00, 0x00, 0x00, 0x00, 0x00, 0x00,
  0x00, 0x00, 0x00, 0x00, 0x00, 0x00, 0x00, 0x00, 0x00, 0x00, 0x00, 0x00,
  0x00, 0x00, 0x00, 0x00, 0x00, 0x00, 0x00, 0x00, 0x00, 0x00, 0x00, 0x00,
  0x00, 0x00, 0x00, 0x00, 0x00, 0x00, 0x00, 0x00, 0x00, 0x00, 0x00, 0x00,
  0x00, 0x00, 0x00, 0x00, 0x00, 0x00, 0x00, 0x00, 0x00, 0x00, 0x00, 0x00,
  0x00, 0x00, 0x00, 0x00, 0x00, 0x00, 0x00, 0x00, 0x00, 0x00, 0x00, 0x00,
  0x00, 0x00, 0x00, 0x00, 0x00, 0x00, 0x00, 0x00, 0x00, 0x00, 0x00, 0x00,
  0x00, 0x00, 0x00, 0x00, 0x00, 0x00, 0x00, 0x00, 0x00, 0x00, 0x00, 0x00,
  0x00, 0x00, 0x00, 0x00, 0x00, 0x00, 0x00, 0x00, 0x00, 0x00, 0x00, 0x00,
  0x00, 0x00, 0x00, 0x00, 0x00, 0x00, 0x00, 0x00, 0x00, 0x00, 0x00, 0x00,
  0x00, 0x00, 0x00, 0x00, 0x00, 0x00, 0x00, 0x00, 0x00, 0x00, 0x00, 0x00,
  0x00, 0x00, 0x00, 0x00, 0x00, 0x00, 0x00, 0x00, 0x00, 0x00, 0x00, 0x00,
  0x00, 0x00, 0x00, 0x00, 0x00, 0x00, 0x00, 0x00, 0x00, 0x00, 0x00, 0x00,
  0x00, 0x00, 0x00, 0x00, 0x00, 0x00, 0x00, 0x00, 0x00, 0x00, 0x00, 0x00,
  0x00, 0x00, 0x00, 0x00, 0x00, 0x00, 0x00, 0x00, 0x00, 0x00, 0x00, 0x00,
  0x00, 0x00, 0x00, 0x00, 0x00, 0x00, 0x00, 0x00, 0x00, 0x00, 0x00, 0x00,
  0x00, 0x00, 0x00, 0x00, 0x00, 0x00, 0x00, 0x00, 0x00, 0x00, 0x00, 0x00,
  0x00, 0x00, 0x00, 0x00, 0x00, 0x00, 0x00, 0x00, 0x00, 0x00, 0x00, 0x00,
  0x00, 0x00, 0x00, 0x00, 0x00, 0x00, 0x00, 0x00, 0x00, 0x00, 0x00, 0x00,
  0x00, 0x00, 0x00, 0x00, 0x00, 0x00, 0x00, 0x00, 0x00, 0x00, 0x00, 0x00,
  0x00, 0x00, 0x00, 0x00, 0x00, 0x00, 0x00, 0x00, 0x00, 0x00, 0x00, 0x00,
  0x00, 0x00, 0x00, 0x00, 0x00, 0x00, 0x00, 0x00, 0x00, 0x00, 0x00, 0x00,
  0x00, 0x00, 0x00, 0x00, 0x00, 0x00, 0x00, 0x00, 0x00, 0x00, 0x00, 0x00,
  0x00, 0x00, 0x00, 0x00, 0x00, 0x00, 0x00, 0x00, 0x00, 0x00, 0x00, 0x00,
  0x00, 0x00, 0x00, 0x00, 0x00, 0x00, 0x00, 0x00, 0x00, 0x00, 0x00, 0x00,
  0x00, 0x00, 0x00, 0x00, 0x00, 0x00, 0x00, 0x00, 0x00, 0x00, 0x00, 0x00,
  0x00, 0x00, 0x00, 0x00, 0x00, 0x00, 0x00, 0x00, 0x00, 0x00, 0x00, 0x00,
  0x00, 0x00, 0x00, 0x00, 0x00, 0x00, 0x00, 0x00, 0x00, 0x00, 0x00, 0x00,
  0x00, 0x00, 0x00, 0x00, 0x00, 0x00, 0x00, 0x00, 0x00, 0x00, 0x00, 0x00,
  0x00, 0x00, 0x00, 0x00, 0x00, 0x00, 0x00, 0x00, 0x00, 0x00, 0x00, 0x00,
  0x00, 0x00, 0x00, 0x00, 0x00, 0x00, 0x00, 0x00, 0x00, 0x00, 0x00, 0x00,
  0x00, 0x00, 0x00, 0x00, 0xff, 0xff, 0xff, 0xff, 0xff, 0xff, 0xff, 0xff,
  0x00, 0x00, 0x00, 0x00, 0x00, 0x00, 0x00, 0x00, 0xff, 0xff, 0xff, 0xff,
  0xff, 0xff, 0xff, 0xff, 0x00, 0x00, 0x00, 0x00, 0x00, 0x00, 0x00, 0x00,
  0xff, 0xff, 0xff, 0xff, 0xff, 0xff, 0xff, 0xff, 0x00, 0x00, 0x00, 0x00,
  0x00, 0x00, 0x00, 0x00, 0x08, 0x01, 0x00, 0x00, 0x00, 0x00, 0x00, 0x00,
  0x00, 0x00, 0x00, 0x00, 0x00, 0x00, 0x00, 0x00, 0x00, 0x00, 0x00, 0x00,
  0x00, 0x00, 0x00, 0x00, 0xa8, 0x31, 0x00, 0x00, 0x00, 0x00, 0x00, 0x00,
  0x00, 0x00, 0x00, 0x00, 0x00, 0x00, 0x00, 0x00, 0x00, 0x00, 0x00, 0x00,
  0x00, 0x00, 0x00, 0x00, 0x00, 0x00, 0x00, 0x00, 0x00, 0x00, 0x00, 0x00,
  0x00, 0x00, 0x00, 0x00, 0x00, 0x00, 0x00, 0x00, 0x00, 0x00, 0x00, 0x00,
  0x00, 0x00, 0x00, 0x00, 0x00, 0x00, 0x00, 0x00, 0x00, 0x00, 0x00, 0x00,
  0x00, 0x00, 0x00, 0x00, 0x00, 0x00, 0x00, 0x00, 0x00, 0x00, 0x00, 0x00,
  0x00, 0x00, 0x00, 0x00, 0x00, 0x00, 0x00, 0x00, 0x00, 0x00, 0x00, 0x00,
  0x00, 0x00, 0x00, 0x00, 0x00, 0x00, 0x00, 0x00, 0xb0, 0x31, 0x00, 0x00,
  0x00, 0x00, 0x00, 0x00, 0xf0, 0x31, 0x00, 0x00, 0x00, 0x00, 0x00, 0x00,
  0x38, 0x32, 0x00, 0x00, 0x00, 0x00, 0x00, 0x00, 0x40, 0x32, 0x00, 0x00,
  0x00, 0x00, 0x00, 0x00, 0x18, 0x33, 0x00, 0x00, 0x00, 0x00, 0x00, 0x00,
  0xf0, 0x33, 0x00, 0x00, 0x00, 0x00, 0x00, 0x00, 0xc8, 0x34, 0x00, 0x00,
  0x00, 0x00, 0x00, 0x00, 0xa8, 0x35, 0x00, 0x00, 0x00, 0x00, 0x00, 0x00,
  0x88, 0x36, 0x00, 0x00, 0x00, 0x00, 0x00, 0x00, 0x90, 0x36, 0x00, 0x00,
  0x00, 0x00, 0x00, 0x00, 0x68, 0x37, 0x00, 0x00, 0x00, 0x00, 0x00, 0x00,
  0x48, 0x38, 0x00, 0x00, 0x00, 0x00, 0x00, 0x00, 0x00, 0x00, 0x00, 0x00,
  0x00, 0x00, 0x00, 0x00, 0x00, 0x00, 0x00, 0x00, 0x00, 0x00, 0x00, 0x00,
  0x00, 0x00, 0x00, 0x00, 0x00, 0x00, 0x00, 0x00, 0x00, 0x00, 0x00, 0x00,
  0x00, 0x00, 0x00, 0x00, 0xf8, 0xfe, 0xff, 0xff, 0xff, 0xff, 0xff, 0xff,
  0xf8, 0xfe, 0xff, 0xff, 0xff, 0xff, 0xff, 0xff, 0x00, 0x00, 0x00, 0x00,
  0x00, 0x00, 0x00, 0x00, 0x20, 0x39, 0x00, 0x00, 0x00, 0x00, 0x00, 0x00,
  0x68, 0x39, 0x00, 0x00, 0x00, 0x00, 0x00, 0x00, 0x00, 0x00, 0x00, 0x00,
  0x00, 0x00, 0x00, 0x00, 0x00, 0x00, 0x00, 0x00, 0x00, 0x00, 0x00, 0x00,
  0x00, 0x00, 0x00, 0x00, 0x00, 0x00, 0x00, 0x00, 0x00, 0x00, 0x00, 0x00,
  0x00, 0x00, 0x00, 0x00, 0x01, 0x00, 0x00, 0x00, 0x00, 0x00, 0x00, 0x00,
  0xa1, 0x11, 0x00, 0x00, 0x00, 0x00, 0x00, 0x00, 0x01, 0x00, 0x00, 0x00,
  0x00, 0x00, 0x00, 0x00, 0xc7, 0x11, 0x00, 0x00, 0x00, 0x00, 0x00, 0x00,
  0x01, 0x00, 0x00, 0x00, 0x00, 0x00, 0x00, 0x00, 0xed, 0x11, 0x00, 0x00,
  0x00, 0x00, 0x00, 0x00, 0x01, 0x00, 0x00, 0x00, 0x00, 0x00, 0x00, 0x00,
  0x13, 0x12, 0x00, 0x00, 0x00, 0x00, 0x00, 0x00, 0x01, 0x00, 0x00, 0x00,
  0x00, 0x00, 0x00, 0x00, 0x39, 0x12, 0x00, 0x00, 0x00, 0x00, 0x00, 0x00,
  0x01, 0x00, 0x00, 0x00, 0x00, 0x00, 0x00, 0x00, 0x5f, 0x12, 0x00, 0x00,
  0x00, 0x00, 0x00, 0x00, 0x01, 0x00, 0x00, 0x00, 0x00, 0x00, 0x00, 0x00,
  0x85, 0x12, 0x00, 0x00, 0x00, 0x00, 0x00, 0x00, 0x01, 0x00, 0x00, 0x00,
  0x00, 0x00, 0x00, 0x00, 0xab, 0x12, 0x00, 0x00, 0x00, 0x00, 0x00, 0x00,
  0x01, 0x00, 0x00, 0x00, 0x00, 0x00, 0x00, 0x00, 0xd8, 0x12, 0x00, 0x00,
  0x00, 0x00, 0x00, 0x00, 0x01, 0x00, 0x00, 0x00, 0x00, 0x00, 0x00, 0x00,
  0x00, 0x13, 0x00, 0x00, 0x00, 0x00, 0x00, 0x00, 0x01, 0x00, 0x00, 0x00,
  0x00, 0x00, 0x00, 0x00, 0x2f, 0x13, 0x00, 0x00, 0x00, 0x00, 0x00, 0x00,
  0x01, 0x00, 0x00, 0x00, 0x00, 0x00, 0x00, 0x00, 0x65, 0x13, 0x00, 0x00,
  0x00, 0x00, 0x00, 0x00, 0x01, 0x00, 0x00, 0x00, 0x00, 0x00, 0x00, 0x00,
  0x8d, 0x13, 0x00, 0x00, 0x00, 0x00, 0x00, 0x00, 0x01, 0x00, 0x00, 0x00,
  0x00, 0x00, 0x00, 0x00, 0xb5, 0x13, 0x00, 0x00, 0x00, 0x00, 0x00, 0x00,
  0x01, 0x00, 0x00, 0x00, 0x00, 0x00, 0x00, 0x00, 0xdd, 0x13, 0x00, 0x00,
  0x00, 0x00, 0x00, 0x00, 0x01, 0x00, 0x00, 0x00, 0x00, 0x00, 0x00, 0x00,
  0xfb, 0x13, 0x00, 0x00, 0x00, 0x00, 0x00, 0x00, 0x01, 0x00, 0x00, 0x00,
  0x00, 0x00, 0x00, 0x00, 0x16, 0x14, 0x00, 0x00, 0x00, 0x00, 0x00, 0x00,
  0x01, 0x00, 0x00, 0x00, 0x00, 0x00, 0x00, 0x00, 0x23, 0x14, 0x00, 0x00,
  0x00, 0x00, 0x00, 0x00, 0x01, 0x00, 0x00, 0x00, 0x00, 0x00, 0x00, 0x00,
  0x39, 0x14, 0x00, 0x00, 0x00, 0x00, 0x00, 0x00, 0x01, 0x00, 0x00, 0x00,
  0x00, 0x00, 0x00, 0x00, 0x48, 0x14, 0x00, 0x00, 0x00, 0x00, 0x00, 0x00,
  0x01, 0x00, 0x00, 0x00, 0x00, 0x00, 0x00, 0x00, 0x83, 0x11, 0x00, 0x00,
  0x00, 0x00, 0x00, 0x00, 0x01, 0x00, 0x00, 0x00, 0x00, 0x00, 0x00, 0x00,
  0x57, 0x14, 0x00, 0x00, 0x00, 0x00, 0x00, 0x00, 0x01, 0x00, 0x00, 0x00,
  0x00, 0x00, 0x00, 0x00, 0x63, 0x14, 0x00, 0x00, 0x00, 0x00, 0x00, 0x00,
  0x01, 0x00, 0x00, 0x00, 0x00, 0x00, 0x00, 0x00, 0x94, 0x11, 0x00, 0x00,
  0x00, 0x00, 0x00, 0x00, 0x01, 0x00, 0x00, 0x00, 0x00, 0x00, 0x00, 0x00,
  0x6d, 0x14, 0x00, 0x00, 0x00, 0x00, 0x00, 0x00, 0x01, 0x00, 0x00, 0x00,
  0x00, 0x00, 0x00, 0x00, 0x75, 0x14, 0x00, 0x00, 0x00, 0x00, 0x00, 0x00,
  0x1e, 0x00, 0x00, 0x00, 0x00, 0x00, 0x00, 0x00, 0x08, 0x00, 0x00, 0x00,
  0x00, 0x00, 0x00, 0x00, 0xfb, 0xff, 0xff, 0x6f, 0x00, 0x00, 0x00, 0x00,
  0x01, 0x00, 0x00, 0x08, 0x00, 0x00, 0x00, 0x00, 0x15, 0x00, 0x00, 0x00,
  0x00, 0x00, 0x00, 0x00, 0x00, 0x00, 0x00, 0x00, 0x00, 0x00, 0x00, 0x00,
  0x11, 0x00, 0x00, 0x60, 0x00, 0x00, 0x00, 0x00, 0xe8, 0x1b, 0x00, 0x00,
  0x00, 0x00, 0x00, 0x00, 0x12, 0x00, 0x00, 0x60, 0x00, 0x00, 0x00, 0x00,
  0x7b, 0x00, 0x00, 0x00, 0x00, 0x00, 0x00, 0x00, 0x09, 0x00, 0x00, 0x00,
  0x00, 0x00, 0x00, 0x00, 0x18, 0x00, 0x00, 0x00, 0x00, 0x00, 0x00, 0x00,
  0x24, 0x00, 0x00, 0x00, 0x00, 0x00, 0x00, 0x00, 0x68, 0x1c, 0x00, 0x00,
  0x00, 0x00, 0x00, 0x00, 0x23, 0x00, 0x00, 0x00, 0x00, 0x00, 0x00, 0x00,
  0x18, 0x00, 0x00, 0x00, 0x00, 0x00, 0x00, 0x00, 0x25, 0x00, 0x00, 0x00,
  0x00, 0x00, 0x00, 0x00, 0x08, 0x00, 0x00, 0x00, 0x00, 0x00, 0x00, 0x00,
  0x17, 0x00, 0x00, 0x00, 0x00, 0x00, 0x00, 0x00, 0x80, 0x1c, 0x00, 0x00,
  0x00, 0x00, 0x00, 0x00, 0x02, 0x00, 0x00, 0x00, 0x00, 0x00, 0x00, 0x00,
  0x70, 0x02, 0x00, 0x00, 0x00, 0x00, 0x00, 0x00, 0x03, 0x00, 0x00, 0x00,
  0x00, 0x00, 0x00, 0x00, 0xd0, 0x44, 0x00, 0x00, 0x00, 0x00, 0x00, 0x00,
  0x14, 0x00, 0x00, 0x00, 0x00, 0x00, 0x00, 0x00, 0x07, 0x00, 0x00, 0x00,
  0x00, 0x00, 0x00, 0x00, 0x06, 0x00, 0x00, 0x00, 0x00, 0x00, 0x00, 0x00,
  0xc0, 0x02, 0x00, 0x00, 0x00, 0x00, 0x00, 0x00, 0x0b, 0x00, 0x00, 0x00,
  0x00, 0x00, 0x00, 0x00, 0x18, 0x00, 0x00, 0x00, 0x00, 0x00, 0x00, 0x00,
  0x05, 0x00, 0x00, 0x00, 0x00, 0x00, 0x00, 0x00, 0x68, 0x07, 0x00, 0x00,
  0x00, 0x00, 0x00, 0x00, 0x0a, 0x00, 0x00, 0x00, 0x00, 0x00, 0x00, 0x00,
  0x7e, 0x14, 0x00, 0x00, 0x00, 0x00, 0x00, 0x00, 0xf5, 0xfe, 0xff, 0x6f,
  0x00, 0x00, 0x00, 0x00, 0x48, 0x07, 0x00, 0x00, 0x00, 0x00, 0x00, 0x00,
  0x20, 0x00, 0x00, 0x00, 0x00, 0x00, 0x00, 0x00, 0x00, 0x40, 0x00, 0x00,
  0x00, 0x00, 0x00, 0x00, 0x21, 0x00, 0x00, 0x00, 0x00, 0x00, 0x00, 0x00,
  0x10, 0x00, 0x00, 0x00, 0x00, 0x00, 0x00, 0x00, 0x19, 0x00, 0x00, 0x00,
  0x00, 0x00, 0x00, 0x00, 0x10, 0x40, 0x00, 0x00, 0x00, 0x00, 0x00, 0x00,
  0x1b, 0x00, 0x00, 0x00, 0x00, 0x00, 0x00, 0x00, 0x10, 0x00, 0x00, 0x00,
  0x00, 0x00, 0x00, 0x00, 0x1a, 0x00, 0x00, 0x00, 0x00, 0x00, 0x00, 0x00,
  0x20, 0x40, 0x00, 0x00, 0x00, 0x00, 0x00, 0x00, 0x1c, 0x00, 0x00, 0x00,
  0x00, 0x00, 0x00, 0x00, 0x10, 0x00, 0x00, 0x00, 0x00, 0x00, 0x00, 0x00,
  0xf0, 0xff, 0xff, 0x6f, 0x00, 0x00, 0x00, 0x00, 0xb0, 0x06, 0x00, 0x00,
  0x00, 0x00, 0x00, 0x00, 0xfe, 0xff, 0xff, 0x6f, 0x00, 0x00, 0x00, 0x00,
  0x04, 0x07, 0x00, 0x00, 0x00, 0x00, 0x00, 0x00, 0xff, 0xff, 0xff, 0x6f,
  0x00, 0x00, 0x00, 0x00, 0x02, 0x00, 0x00, 0x00, 0x00, 0x00, 0x00, 0x00,
  0x00, 0x00, 0x00, 0x00, 0x00, 0x00, 0x00, 0x00, 0x00, 0x00, 0x00, 0x00,
  0x00, 0x00, 0x00, 0x00, 0x58, 0x30, 0x00, 0x00, 0x00, 0x00, 0x00, 0x00,
  0x00, 0x00, 0x00, 0x00, 0x00, 0x00, 0x00, 0x00, 0x00, 0x00, 0x00, 0x00,
  0x00, 0x00, 0x00, 0x00, 0x00, 0x00, 0x00, 0x00, 0x00, 0x00, 0x00, 0x00,
  0xc0, 0x39, 0x00, 0x00, 0x00, 0x00, 0x00, 0x00, 0xc0, 0x39, 0x00, 0x00,
  0x00, 0x00, 0x00, 0x00, 0xc0, 0x39, 0x00, 0x00, 0x00, 0x00, 0x00, 0x00,
  0xc0, 0x39, 0x00, 0x00, 0x00, 0x00, 0x00, 0x00, 0xc0, 0x39, 0x00, 0x00,
  0x00, 0x00, 0x00, 0x00, 0xc0, 0x39, 0x00, 0x00, 0x00, 0x00, 0x00, 0x00,
  0xc0, 0x39, 0x00, 0x00, 0x00, 0x00, 0x00, 0x00, 0xc0, 0x39, 0x00, 0x00,
  0x00, 0x00, 0x00, 0x00, 0xc0, 0x39, 0x00, 0x00, 0x00, 0x00, 0x00, 0x00,
  0xc0, 0x39, 0x00, 0x00, 0x00, 0x00, 0x00, 0x00, 0xc0, 0x39, 0x00, 0x00,
  0x00, 0x00, 0x00, 0x00, 0xc0, 0x39, 0x00, 0x00, 0x00, 0x00, 0x00, 0x00,
  0xc0, 0x39, 0x00, 0x00, 0x00, 0x00, 0x00, 0x00, 0xc0, 0x39, 0x00, 0x00,
  0x00, 0x00, 0x00, 0x00, 0xc0, 0x39, 0x00, 0x00, 0x00, 0x00, 0x00, 0x00,
  0xc0, 0x39, 0x00, 0x00, 0x00, 0x00, 0x00, 0x00, 0xc0, 0x39, 0x00, 0x00,
  0x00, 0x00, 0x00, 0x00, 0xc0, 0x39, 0x00, 0x00, 0x00, 0x00, 0x00, 0x00,
  0xc0, 0x39, 0x00, 0x00, 0x00, 0x00, 0x00, 0x00, 0xc0, 0x39, 0x00, 0x00,
  0x00, 0x00, 0x00, 0x00, 0xc0, 0x39, 0x00, 0x00, 0x00, 0x00, 0x00, 0x00,
  0xc0, 0x39, 0x00, 0x00, 0x00, 0x00, 0x00, 0x00, 0xc0, 0x39, 0x00, 0x00,
  0x00, 0x00, 0x00, 0x00, 0xc0, 0x39, 0x00, 0x00, 0x00, 0x00, 0x00, 0x00,
  0xc0, 0x39, 0x00, 0x00, 0x00, 0x00, 0x00, 0x00, 0xc0, 0x39, 0x00, 0x00,
  0x00, 0x00, 0x00, 0x00, 0x00, 0x2e, 0x70, 0x72, 0x65, 0x69, 0x6e, 0x69,
  0x74, 0x5f, 0x61, 0x72, 0x72, 0x61, 0x79, 0x00, 0x2e, 0x69, 0x6e, 0x69,
  0x74, 0x5f, 0x61, 0x72, 0x72, 0x61, 0x79, 0x00, 0x2e, 0x66, 0x69, 0x6e,
  0x69, 0x5f, 0x61, 0x72, 0x72, 0x61, 0x79, 0x00, 0x2e, 0x74, 0x65, 0x78,
  0x74, 0x00, 0x2e, 0x67, 0x6f, 0x74, 0x00, 0x2e, 0x6e, 0x6f, 0x74, 0x65,
  0x2e, 0x61, 0x6e, 0x64, 0x72, 0x6f, 0x69, 0x64, 0x2e, 0x69, 0x64, 0x65,
  0x6e, 0x74, 0x00, 0x2e, 0x67, 0x6f, 0x74, 0x2e, 0x70, 0x6c, 0x74, 0x00,
  0x2e, 0x72, 0x65, 0x6c, 0x61, 0x2e, 0x70, 0x6c, 0x74, 0x00, 0x2e, 0x64,
  0x79, 0x6e, 0x73, 0x74, 0x72, 0x00, 0x2e, 0x65, 0x68, 0x5f, 0x66, 0x72,
  0x61, 0x6d, 0x65, 0x5f, 0x68, 0x64, 0x72, 0x00, 0x2e, 0x67, 0x6e, 0x75,
  0x2e, 0x76, 0x65, 0x72, 0x73, 0x69, 0x6f, 0x6e, 0x5f, 0x72, 0x00, 0x2e,
  0x69, 0x6e, 0x74, 0x65, 0x72, 0x70, 0x00, 0x2e, 0x64, 0x61, 0x74, 0x61,
  0x2e, 0x72, 0x65, 0x6c, 0x2e, 0x72, 0x6f, 0x00, 0x2e, 0x72, 0x65, 0x6c,
  0x72, 0x2e, 0x64, 0x79, 0x6e, 0x00, 0x2e, 0x72, 0x65, 0x6c, 0x61, 0x2e,
  0x64, 0x79, 0x6e, 0x00, 0x2e, 0x67, 0x6e, 0x75, 0x2e, 0x76, 0x65, 0x72,
  0x73, 0x69, 0x6f, 0x6e, 0x00, 0x2e, 0x64, 0x79, 0x6e, 0x73, 0x79, 0x6d,
  0x00, 0x2e, 0x67, 0x6e, 0x75, 0x2e, 0x68, 0x61, 0x73, 0x68, 0x00, 0x2e,
  0x65, 0x68, 0x5f, 0x66, 0x72, 0x61, 0x6d, 0x65, 0x00, 0x2e, 0x6e, 0x6f,
  0x74, 0x65, 0x2e, 0x67, 0x6e, 0x75, 0x2e, 0x62, 0x75, 0x69, 0x6c, 0x64,
  0x2d, 0x69, 0x64, 0x00, 0x2e, 0x64, 0x79, 0x6e, 0x61, 0x6d, 0x69, 0x63,
  0x00, 0x2e, 0x73, 0x68, 0x73, 0x74, 0x72, 0x74, 0x61, 0x62, 0x00, 0x2e,
  0x72, 0x6f, 0x64, 0x61, 0x74, 0x61, 0x00, 0x2e, 0x67, 0x6e, 0x75, 0x5f,
  0x64, 0x65, 0x62, 0x75, 0x67, 0x64, 0x61, 0x74, 0x61, 0x00, 0xfd, 0x37,
  0x7a, 0x58, 0x5a, 0x00, 0x00, 0x01, 0x69, 0x22, 0xde, 0x36, 0x02, 0x00,
  0x21, 0x01, 0x01, 0x00, 0x00, 0x00, 0x52, 0x40, 0x2b, 0x6e, 0xe0, 0x10,
  0x07, 0x02, 0xf3, 0x5d, 0x00, 0x3f, 0x91, 0x45, 0x84, 0x68, 0x3d, 0x89,
  0xa7, 0x28, 0x61, 0xfd, 0x4b, 0x36, 0x18, 0x7f, 0xee, 0xda, 0x25, 0x7b,
  0x47, 0x06, 0xfb, 0x42, 0xeb, 0x27, 0x55, 0xdd, 0x56, 0x0d, 0x96, 0xd6,
  0x18, 0xec, 0x8a, 0x41, 0x46, 0x74, 0x56, 0x4c, 0x8e, 0x5b, 0x0f, 0x8b,
  0xa8, 0x23, 0x57, 0xfb, 0x42, 0x9c, 0xb0, 0xbe, 0x39, 0xc5, 0xe1, 0x48,
  0x5f, 0x0e, 0x4c, 0x9c, 0xd0, 0x53, 0x1c, 0x29, 0xf0, 0xc1, 0xe0, 0xaf,
  0xc7, 0xab, 0xb4, 0x55, 0x6d, 0xe5, 0x02, 0x1a, 0x06, 0x52, 0x0b, 0x03,
  0x2e, 0xe3, 0x94, 0xb4, 0x8c, 0x1a, 0x4c, 0x5a, 0xb0, 0x9f, 0x63, 0xdb,
  0xf6, 0x34, 0xfc, 0xa2, 0xc2, 0xf9, 0x92, 0x2c, 0xb2, 0x7f, 0x1d, 0x8b,
  0xcc, 0x47, 0xf8, 0x9a, 0x59, 0x18, 0x40, 0x4e, 0xc2, 0x26, 0x58, 0xbb,
  0xc9, 0xd2, 0x61, 0xfb, 0xc7, 0x1d, 0xcd, 0xb6, 0xf1, 0x13, 0xb4, 0x95,
  0x4e, 0x12, 0x39, 0x43, 0xe4, 0x68, 0xaa, 0xdc, 0x32, 0x1f, 0x98, 0x38,
  0xe6, 0xd7, 0x64, 0x5e, 0xa1, 0xd3, 0xa6, 0x36, 0x7f, 0x1b, 0xa0, 0xc1,
  0x31, 0xb4, 0x26, 0xda, 0x43, 0xe4, 0x6e, 0xb0, 0xe2, 0xc2, 0xe5, 0x09,
  0x11, 0x45, 0xc7, 0xb9, 0x0b, 0x8a, 0x1e, 0x48, 0x6f, 0x78, 0x2b, 0x4b,
  0xd5, 0xc7, 0x19, 0xa7, 0xe8, 0xde, 0xa4, 0x46, 0xf1, 0x82, 0xc9, 0x46,
  0x89, 0xe2, 0xcf, 0x9f, 0xe8, 0xe6, 0xe5, 0x08, 0x92, 0xc7, 0x79, 0xa1,
  0x68, 0x31, 0xf6, 0x46, 0xce, 0xf5, 0x67, 0xa7, 0xad, 0xa6, 0x62, 0xb5,
  0x1f, 0x20, 0xad, 0x3b, 0xe4, 0x6e, 0xc2, 0xd6, 0x3e, 0x30, 0xb5, 0xab,
  0x47, 0x1f, 0xd5, 0x07, 0xf7, 0xca, 0x25, 0xe8, 0x66, 0x60, 0xd0, 0x06,
  0x1e, 0xbb, 0x38, 0x40, 0x07, 0x0e, 0x18, 0x12, 0x05, 0xed, 0x5c, 0x7d,
  0x80, 0x4b, 0xd5, 0xb2, 0xf2, 0xa8, 0x48, 0x16, 0x17, 0x6d, 0x1f, 0x74,
  0xb2, 0x1d, 0x5c, 0xcd, 0x37, 0x28, 0x7d, 0xad, 0x14, 0x4b, 0x6b, 0x4d,
  0x1c, 0x53, 0x82, 0xab, 0x76, 0xd1, 0x56, 0x6a, 0x5e, 0xb4, 0x25, 0xaf,
  0xe1, 0x2b, 0x36, 0x6e, 0xd3, 0xe3, 0xd0, 0xfe, 0x02, 0x39, 0xa1, 0x67,
  0x16, 0x87, 0xa9, 0xdf, 0x29, 0xe7, 0xfc, 0xe4, 0x2c, 0xef, 0x90, 0x46,
  0xfc, 0x24, 0x8a, 0x01, 0xdc, 0xf5, 0x77, 0x97, 0x4f, 0xbe, 0x79, 0xa2,
  0x5f, 0xe7, 0x71, 0xea, 0x39, 0xab, 0x85, 0x0f, 0xcd, 0x81, 0xe4, 0x74,
  0xf2, 0x65, 0xf0, 0xc0, 0xec, 0x6a, 0x09, 0xfe, 0x11, 0x47, 0xaa, 0x01,
  0x93, 0x14, 0x6d, 0x74, 0xa9, 0xd3, 0x16, 0xa7, 0xfb, 0x8e, 0xa6, 0xb1,
  0x11, 0x1c, 0xbd, 0xf2, 0x66, 0x69, 0x38, 0x2d, 0x28, 0xb1, 0xce, 0x20,
  0x2c, 0xc2, 0x6f, 0x63, 0xa4, 0x18, 0x8b, 0x0d, 0x3d, 0xb3, 0x55, 0xc9,
  0xcd, 0xa6, 0x9a, 0x82, 0x9c, 0xb5, 0x30, 0xa0, 0x6b, 0xa3, 0x70, 0x00,
  0x62, 0x93, 0x9e, 0xf5, 0xb3, 0x43, 0x5a, 0x9e, 0xeb, 0xd5, 0x53, 0xc3,
  0x9e, 0xb3, 0xc1, 0x69, 0x5e, 0x08, 0x21, 0xfb, 0x1b, 0xec, 0x12, 0xac,
  0x9b, 0x37, 0x3d, 0x9c, 0x9a, 0x39, 0x21, 0xab, 0x1a, 0x1b, 0x3e, 0x24,
  0x70, 0x6f, 0x40, 0x6d, 0xb7, 0x91, 0xf1, 0x97, 0x62, 0x9b, 0xde, 0x13,
  0x25, 0x64, 0xda, 0xf5, 0x81, 0x25, 0x9a, 0x75, 0x84, 0xbe, 0x33, 0xe5,
  0x66, 0x6e, 0x2e, 0xd1, 0x76, 0x79, 0x4b, 0x0a, 0x01, 0x63, 0x9c, 0x1c,
  0x68, 0xae, 0xb2, 0x7a, 0x29, 0x33, 0x80, 0xb1, 0xaf, 0xd3, 0xf1, 0x96,
  0xdc, 0x0c, 0x23, 0xb8, 0x7f, 0x08, 0x6c, 0x77, 0x88, 0x78, 0x7d, 0x26,
  0x41, 0xf0, 0x0f, 0xc7, 0xc6, 0xeb, 0x67, 0xa1, 0xc5, 0x19, 0x98, 0x33,
  0x28, 0xe9, 0xdc, 0xca, 0x6d, 0x93, 0x68, 0x96, 0x08, 0x8e, 0x83, 0xfe,
  0x12, 0x60, 0x56, 0xc8, 0x3b, 0x0b, 0x4c, 0xb9, 0xbc, 0x5e, 0x70, 0x6a,
  0xb3, 0x54, 0x15, 0x0e, 0x3f, 0x09, 0x54, 0x2f, 0x27, 0xa2, 0x45, 0x03,
  0xd9, 0x9d, 0x90, 0x76, 0x01, 0x68, 0x39, 0xbb, 0xcd, 0x52, 0xd0, 0x7f,
  0xac, 0x89, 0x01, 0xdc, 0xcb, 0xd9, 0x74, 0xcd, 0x40, 0xfd, 0x4b, 0x87,
  0xd2, 0xef, 0x23, 0xf0, 0x78, 0x58, 0x71, 0x76, 0x43, 0x2f, 0x3f, 0x61,
  0x36, 0x77, 0xa5, 0x66, 0xd8, 0x39, 0x97, 0x75, 0xb4, 0xb1, 0x2c, 0xaf,
  0x07, 0x84, 0xb4, 0x82, 0xda, 0x3f, 0x9e, 0x5f, 0xec, 0x6a, 0x97, 0xdb,
  0xe2, 0x2b, 0xfb, 0x3d, 0x3f, 0x57, 0x87, 0x31, 0x9f, 0xf1, 0x5c, 0xaf,
  0xef, 0xfe, 0x44, 0x62, 0x06, 0xbe, 0xf2, 0xfe, 0xfa, 0x1d, 0xd7, 0x3d,
  0x3b, 0x3d, 0x79, 0xaa, 0x5f, 0xfc, 0xf8, 0xb2, 0x22, 0x0c, 0x09, 0xbc,
  0xb2, 0xcd, 0x05, 0x17, 0x50, 0x0a, 0xfc, 0xea, 0x04, 0x9e, 0x02, 0x1b,
  0x6f, 0x6f, 0xac, 0xd7, 0x0a, 0xc2, 0xea, 0x12, 0xca, 0xcd, 0x3a, 0xc6,
  0x24, 0x0d, 0xd6, 0xf0, 0x93, 0x97, 0xb3, 0x00, 0x34, 0x95, 0xd6, 0xa2,
  0x43, 0x03, 0x42, 0xeb, 0xbe, 0xd1, 0x60, 0x10, 0x92, 0x18, 0xb6, 0x19,
  0xec, 0xd6, 0x05, 0x5d, 0x51, 0x13, 0x43, 0xb6, 0xcd, 0x78, 0x93, 0x64,
  0x34, 0xcb, 0x6f, 0x52, 0x30, 0x20, 0xfc, 0x8f, 0x65, 0x9d, 0x0f, 0xf6,
  0xc8, 0x4c, 0x02, 0xa2, 0x12, 0xab, 0x14, 0x40, 0x68, 0x3d, 0xe6, 0x3b,
  0x16, 0x61, 0x17, 0xc5, 0x5d, 0xbf, 0xaa, 0xb9, 0x43, 0x56, 0xaf, 0x3a,
  0x7d, 0x96, 0x71, 0xc1, 0xe2, 0xf1, 0x2a, 0xd7, 0xb7, 0xe3, 0x46, 0x87,
  0x76, 0x3e, 0xcf, 0xf0, 0xa6, 0x7b, 0xe8, 0x26, 0xa9, 0x37, 0x23, 0x1c,
  0x79, 0x54, 0xcc, 0x98, 0x00, 0x00, 0x88, 0x43, 0x57, 0x7f, 0x00, 0x01,
  0x8b, 0x06, 0x88, 0x20, 0x00, 0x00, 0x52, 0x1d, 0xc2, 0x28, 0x3e, 0x30,
  0x0d, 0x8b, 0x02, 0x00, 0x00, 0x00, 0x00, 0x01, 0x59, 0x5a, 0x00, 0x00,
  0x00, 0x00, 0x00, 0x00, 0x00, 0x00, 0x00, 0x00, 0x00, 0x00, 0x00, 0x00,
  0x00, 0x00, 0x00, 0x00, 0x00, 0x00, 0x00, 0x00, 0x00, 0x00, 0x00, 0x00,
  0x00, 0x00, 0x00, 0x00, 0x00, 0x00, 0x00, 0x00, 0x00, 0x00, 0x00, 0x00,
  0x00, 0x00, 0x00, 0x00, 0x00, 0x00, 0x00, 0x00, 0x00, 0x00, 0x00, 0x00,
  0x00, 0x00, 0x00, 0x00, 0x00, 0x00, 0x00, 0x00, 0x00, 0x00, 0x00, 0x00,
  0x00, 0x00, 0x00, 0x00, 0x7f, 0x00, 0x00, 0x00, 0x01, 0x00, 0x00, 0x00,
  0x02, 0x00, 0x00, 0x00, 0x00, 0x00, 0x00, 0x00, 0x70, 0x02, 0x00, 0x00,
  0x00, 0x00, 0x00, 0x00, 0x70, 0x02, 0x00, 0x00, 0x00, 0x00, 0x00, 0x00,
  0x15, 0x00, 0x00, 0x00, 0x00, 0x00, 0x00, 0x00, 0x00, 0x00, 0x00, 0x00,
  0x00, 0x00, 0x00, 0x00, 0x01, 0x00, 0x00, 0x00, 0x00, 0x00, 0x00, 0x00,
  0x00, 0x00, 0x00, 0x00, 0x00, 0x00, 0x00, 0x00, 0x33, 0x00, 0x00, 0x00,
  0x07, 0x00, 0x00, 0x00, 0x02, 0x00, 0x00, 0x00, 0x00, 0x00, 0x00, 0x00,
  0x88, 0x02, 0x00, 0x00, 0x00, 0x00, 0x00, 0x00, 0x88, 0x02, 0x00, 0x00,
  0x00, 0x00, 0x00, 0x00, 0x18, 0x00, 0x00, 0x00, 0x00, 0x00, 0x00, 0x00,
  0x00, 0x00, 0x00, 0x00, 0x00, 0x00, 0x00, 0x00, 0x04, 0x00, 0x00, 0x00,
  0x00, 0x00, 0x00, 0x00, 0x00, 0x00, 0x00, 0x00, 0x00, 0x00, 0x00, 0x00,
  0xd1, 0x00, 0x00, 0x00, 0x07, 0x00, 0x00, 0x00, 0x02, 0x00, 0x00, 0x00,
  0x00, 0x00, 0x00, 0x00, 0xa0, 0x02, 0x00, 0x00, 0x00, 0x00, 0x00, 0x00,
  0xa0, 0x02, 0x00, 0x00, 0x00, 0x00, 0x00, 0x00, 0x20, 0x00, 0x00, 0x00,
  0x00, 0x00, 0x00, 0x00, 0x00, 0x00, 0x00, 0x00, 0x00, 0x00, 0x00, 0x00,
  0x04, 0x00, 0x00, 0x00, 0x00, 0x00, 0x00, 0x00, 0x00, 0x00, 0x00, 0x00,
  0x00, 0x00, 0x00, 0x00, 0xb5, 0x00, 0x00, 0x00, 0x0b, 0x00, 0x00, 0x00,
  0x02, 0x00, 0x00, 0x00, 0x00, 0x00, 0x00, 0x00, 0xc0, 0x02, 0x00, 0x00,
  0x00, 0x00, 0x00, 0x00, 0xc0, 0x02, 0x00, 0x00, 0x00, 0x00, 0x00, 0x00,
  0xf0, 0x03, 0x00, 0x00, 0x00, 0x00, 0x00, 0x00, 0x08, 0x00, 0x00, 0x00,
  0x01, 0x00, 0x00, 0x00, 0x08, 0x00, 0x00, 0x00, 0x00, 0x00, 0x00, 0x00,
  0x18, 0x00, 0x00, 0x00, 0x00, 0x00, 0x00, 0x00, 0xa8, 0x00, 0x00, 0x00,
  0xff, 0xff, 0xff, 0x6f, 0x02, 0x00, 0x00, 0x00, 0x00, 0x00, 0x00, 0x00,
  0xb0, 0x06, 0x00, 0x00, 0x00, 0x00, 0x00, 0x00, 0xb0, 0x06, 0x00, 0x00,
  0x00, 0x00, 0x00, 0x00, 0x54, 0x00, 0x00, 0x00, 0x00, 0x00, 0x00, 0x00,
  0x04, 0x00, 0x00, 0x00, 0x00, 0x00, 0x00, 0x00, 0x02, 0x00, 0x00, 0x00,
  0x00, 0x00, 0x00, 0x00, 0x02, 0x00, 0x00, 0x00, 0x00, 0x00, 0x00, 0x00,
  0x70, 0x00, 0x00, 0x00, 0xfe, 0xff, 0xff, 0x6f, 0x02, 0x00, 0x00, 0x00,
  0x00, 0x00, 0x00, 0x00, 0x04, 0x07, 0x00, 0x00, 0x00, 0x00, 0x00, 0x00,
  0x04, 0x07, 0x00, 0x00, 0x00, 0x00, 0x00, 0x00, 0x40, 0x00, 0x00, 0x00,
  0x00, 0x00, 0x00, 0x00, 0x08, 0x00, 0x00, 0x00, 0x02, 0x00, 0x00, 0x00,
  0x04, 0x00, 0x00, 0x00, 0x00, 0x00, 0x00, 0x00, 0x00, 0x00, 0x00, 0x00,
  0x00, 0x00, 0x00, 0x00, 0xbd, 0x00, 0x00, 0x00, 0xf6, 0xff, 0xff, 0x6f,
  0x02, 0x00, 0x00, 0x00, 0x00, 0x00, 0x00, 0x00, 0x48, 0x07, 0x00, 0x00,
  0x00, 0x00, 0x00, 0x00, 0x48, 0x07, 0x00, 0x00, 0x00, 0x00, 0x00, 0x00,
  0x20, 0x00, 0x00, 0x00, 0x00, 0x00, 0x00, 0x00, 0x04, 0x00, 0x00, 0x00,
  0x00, 0x00, 0x00, 0x00, 0x08, 0x00, 0x00, 0x00, 0x00, 0x00, 0x00, 0x00,
  0x00, 0x00, 0x00, 0x00, 0x00, 0x00, 0x00, 0x00, 0x5a, 0x00, 0x00, 0x00,
  0x03, 0x00, 0x00, 0x00, 0x02, 0x00, 0x00, 0x00, 0x00, 0x00, 0x00, 0x00,
  0x68, 0x07, 0x00, 0x00, 0x00, 0x00, 0x00, 0x00, 0x68, 0x07, 0x00, 0x00,
  0x00, 0x00, 0x00, 0x00, 0x7e, 0x14, 0x00, 0x00, 0x00, 0x00, 0x00, 0x00,
  0x00, 0x00, 0x00, 0x00, 0x00, 0x00, 0x00, 0x00, 0x01, 0x00, 0x00, 0x00,
  0x00, 0x00, 0x00, 0x00, 0x00, 0x00, 0x00, 0x00, 0x00, 0x00, 0x00, 0x00,
  0x9e, 0x00, 0x00, 0x00, 0x02, 0x00, 0x00, 0x60, 0x02, 0x00, 0x00, 0x00,
  0x00, 0x00, 0x00, 0x00, 0xe8, 0x1b, 0x00, 0x00, 0x00, 0x00, 0x00, 0x00,
  0xe8, 0x1b, 0x00, 0x00, 0x00, 0x00, 0x00, 0x00, 0x7b, 0x00, 0x00, 0x00,
  0x00, 0x00, 0x00, 0x00, 0x04, 0x00, 0x00, 0x00, 0x00, 0x00, 0x00, 0x00,
  0x08, 0x00, 0x00, 0x00, 0x00, 0x00, 0x00, 0x00, 0x01, 0x00, 0x00, 0x00,
  0x00, 0x00, 0x00, 0x00, 0x94, 0x00, 0x00, 0x00, 0x13, 0x00, 0x00, 0x00,
  0x02, 0x00, 0x00, 0x00, 0x00, 0x00, 0x00, 0x00, 0x68, 0x1c, 0x00, 0x00,
  0x00, 0x00, 0x00, 0x00, 0x68, 0x1c, 0x00, 0x00, 0x00, 0x00, 0x00, 0x00,
  0x18, 0x00, 0x00, 0x00, 0x00, 0x00, 0x00, 0x00, 0x00, 0x00, 0x00, 0x00,
  0x00, 0x00, 0x00, 0x00, 0x08, 0x00, 0x00, 0x00, 0x00, 0x00, 0x00, 0x00,
  0x08, 0x00, 0x00, 0x00, 0x00, 0x00, 0x00, 0x00, 0x50, 0x00, 0x00, 0x00,
  0x04, 0x00, 0x00, 0x00, 0x42, 0x00, 0x00, 0x00, 0x00, 0x00, 0x00, 0x00,
  0x80, 0x1c, 0x00, 0x00, 0x00, 0x00, 0x00, 0x00, 0x80, 0x1c, 0x00, 0x00,
  0x00, 0x00, 0x00, 0x00, 0x70, 0x02, 0x00, 0x00, 0x00, 0x00, 0x00, 0x00,
  0x04, 0x00, 0x00, 0x00, 0x17, 0x00, 0x00, 0x00, 0x08, 0x00, 0x00, 0x00,
  0x00, 0x00, 0x00, 0x00, 0x18, 0x00, 0x00, 0x00, 0x00, 0x00, 0x00, 0x00,
  0xf7, 0x00, 0x00, 0x00, 0x01, 0x00, 0x00, 0x00, 0x32, 0x00, 0x00, 0x00,
  0x00, 0x00, 0x00, 0x00, 0xf0, 0x1e, 0x00, 0x00, 0x00, 0x00, 0x00, 0x00,
  0xf0, 0x1e, 0x00, 0x00, 0x00, 0x00, 0x00, 0x00, 0xa1, 0x00, 0x00, 0x00,
  0x00, 0x00, 0x00, 0x00, 0x00, 0x00, 0x00, 0x00, 0x00, 0x00, 0x00, 0x00,
  0x01, 0x00, 0x00, 0x00, 0x00, 0x00, 0x00, 0x00, 0x01, 0x00, 0x00, 0x00,
  0x00, 0x00, 0x00, 0x00, 0x62, 0x00, 0x00, 0x00, 0x01, 0x00, 0x00, 0x00,
  0x02, 0x00, 0x00, 0x00, 0x00, 0x00, 0x00, 0x00, 0x94, 0x1f, 0x00, 0x00,
  0x00, 0x00, 0x00, 0x00, 0x94, 0x1f, 0x00, 0x00, 0x00, 0x00, 0x00, 0x00,
  0x94, 0x00, 0x00, 0x00, 0x00, 0x00, 0x00, 0x00, 0x00, 0x00, 0x00, 0x00,
  0x00, 0x00, 0x00, 0x00, 0x04, 0x00, 0x00, 0x00, 0x00, 0x00, 0x00, 0x00,
  0x00, 0x00, 0x00, 0x00, 0x00, 0x00, 0x00, 0x00, 0xc7, 0x00, 0x00, 0x00,
  0x01, 0x00, 0x00, 0x00, 0x02, 0x00, 0x00, 0x00, 0x00, 0x00, 0x00, 0x00,
  0x28, 0x20, 0x00, 0x00, 0x00, 0x00, 0x00, 0x00, 0x28, 0x20, 0x00, 0x00,
  0x00, 0x00, 0x00, 0x00, 0x44, 0x02, 0x00, 0x00, 0x00, 0x00, 0x00, 0x00,
  0x00, 0x00, 0x00, 0x00, 0x00, 0x00, 0x00, 0x00, 0x08, 0x00, 0x00, 0x00,
  0x00, 0x00, 0x00, 0x00, 0x00, 0x00, 0x00, 0x00, 0x00, 0x00, 0x00, 0x00,
  0x28, 0x00, 0x00, 0x00, 0x01, 0x00, 0x00, 0x00, 0x06, 0x00, 0x00, 0x00,
  0x00, 0x00, 0x00, 0x00, 0x00, 0x30, 0x00, 0x00, 0x00, 0x00, 0x00, 0x00,
  0x00, 0x30, 0x00, 0x00, 0x00, 0x00, 0x00, 0x00, 0xb8, 0x09, 0x00, 0x00,
  0x00, 0x00, 0x00, 0x00, 0x00, 0x00, 0x00, 0x00, 0x00, 0x00, 0x00, 0x00,
  0x08, 0x00, 0x00, 0x00, 0x00, 0x00, 0x00, 0x00, 0x00, 0x00, 0x00, 0x00,
  0x00, 0x00, 0x00, 0x00, 0x55, 0x00, 0x00, 0x00, 0x01, 0x00, 0x00, 0x00,
  0x06, 0x00, 0x00, 0x00, 0x00, 0x00, 0x00, 0x00, 0xc0, 0x39, 0x00, 0x00,
  0x00, 0x00, 0x00, 0x00, 0xc0, 0x39, 0x00, 0x00, 0x00, 0x00, 0x00, 0x00,
  0xc0, 0x01, 0x00, 0x00, 0x00, 0x00, 0x00, 0x00, 0x00, 0x00, 0x00, 0x00,
  0x00, 0x00, 0x00, 0x00, 0x10, 0x00, 0x00, 0x00, 0x00, 0x00, 0x00, 0x00,
  0x00, 0x00, 0x00, 0x00, 0x00, 0x00, 0x00, 0x00, 0x01, 0x00, 0x00, 0x00,
  0x10, 0x00, 0x00, 0x00, 0x03, 0x00, 0x00, 0x00, 0x00, 0x00, 0x00, 0x00,
  0x00, 0x40, 0x00, 0x00, 0x00, 0x00, 0x00, 0x00, 0x00, 0x40, 0x00, 0x00,
  0x00, 0x00, 0x00, 0x00, 0x10, 0x00, 0x00, 0x00, 0x00, 0x00, 0x00, 0x00,
  0x00, 0x00, 0x00, 0x00, 0x00, 0x00, 0x00, 0x00, 0x08, 0x00, 0x00, 0x00,
  0x00, 0x00, 0x00, 0x00, 0x00, 0x00, 0x00, 0x00, 0x00, 0x00, 0x00, 0x00,
  0x10, 0x00, 0x00, 0x00, 0x0e, 0x00, 0x00, 0x00, 0x03, 0x00, 0x00, 0x00,
  0x00, 0x00, 0x00, 0x00, 0x10, 0x40, 0x00, 0x00, 0x00, 0x00, 0x00, 0x00,
  0x10, 0x40, 0x00, 0x00, 0x00, 0x00, 0x00, 0x00, 0x10, 0x00, 0x00, 0x00,
  0x00, 0x00, 0x00, 0x00, 0x00, 0x00, 0x00, 0x00, 0x00, 0x00, 0x00, 0x00,
  0x08, 0x00, 0x00, 0x00, 0x00, 0x00, 0x00, 0x00, 0x00, 0x00, 0x00, 0x00,
  0x00, 0x00, 0x00, 0x00, 0x1c, 0x00, 0x00, 0x00, 0x0f, 0x00, 0x00, 0x00,
  0x03, 0x00, 0x00, 0x00, 0x00, 0x00, 0x00, 0x00, 0x20, 0x40, 0x00, 0x00,
  0x00, 0x00, 0x00, 0x00, 0x20, 0x40, 0x00, 0x00, 0x00, 0x00, 0x00, 0x00,
  0x10, 0x00, 0x00, 0x00, 0x00, 0x00, 0x00, 0x00, 0x00, 0x00, 0x00, 0x00,
  0x00, 0x00, 0x00, 0x00, 0x08, 0x00, 0x00, 0x00, 0x00, 0x00, 0x00, 0x00,
  0x00, 0x00, 0x00, 0x00, 0x00, 0x00, 0x00, 0x00, 0x87, 0x00, 0x00, 0x00,
  0x01, 0x00, 0x00, 0x00, 0x03, 0x00, 0x00, 0x00, 0x00, 0x00, 0x00, 0x00,
  0x30, 0x40, 0x00, 0x00, 0x00, 0x00, 0x00, 0x00, 0x30, 0x40, 0x00, 0x00,
  0x00, 0x00, 0x00, 0x00, 0x38, 0x01, 0x00, 0x00, 0x00, 0x00, 0x00, 0x00,
  0x00, 0x00, 0x00, 0x00, 0x00, 0x00, 0x00, 0x00, 0x08, 0x00, 0x00, 0x00,
  0x00, 0x00, 0x00, 0x00, 0x00, 0x00, 0x00, 0x00, 0x00, 0x00, 0x00, 0x00,
  0xe4, 0x00, 0x00, 0x00, 0x06, 0x00, 0x00, 0x00, 0x03, 0x00, 0x00, 0x00,
  0x00, 0x00, 0x00, 0x00, 0x68, 0x41, 0x00, 0x00, 0x00, 0x00, 0x00, 0x00,
  0x68, 0x41, 0x00, 0x00, 0x00, 0x00, 0x00, 0x00, 0x60, 0x03, 0x00, 0x00,
  0x00, 0x00, 0x00, 0x00, 0x08, 0x00, 0x00, 0x00, 0x00, 0x00, 0x00, 0x00,
  0x08, 0x00, 0x00, 0x00, 0x00, 0x00, 0x00, 0x00, 0x10, 0x00, 0x00, 0x00,
  0x00, 0x00, 0x00, 0x00, 0x2e, 0x00, 0x00, 0x00, 0x01, 0x00, 0x00, 0x00,
  0x03, 0x00, 0x00, 0x00, 0x00, 0x00, 0x00, 0x00, 0xc8, 0x44, 0x00, 0x00,
  0x00, 0x00, 0x00, 0x00, 0xc8, 0x44, 0x00, 0x00, 0x00, 0x00, 0x00, 0x00,
  0x08, 0x00, 0x00, 0x00, 0x00, 0x00, 0x00, 0x00, 0x00, 0x00, 0x00, 0x00,
  0x00, 0x00, 0x00, 0x00, 0x08, 0x00, 0x00, 0x00, 0x00, 0x00, 0x00, 0x00,
  0x00, 0x00, 0x00, 0x00, 0x00, 0x00, 0x00, 0x00, 0x47, 0x00, 0x00, 0x00,
  0x01, 0x00, 0x00, 0x00, 0x03, 0x00, 0x00, 0x00, 0x00, 0x00, 0x00, 0x00,
  0xd0, 0x44, 0x00, 0x00, 0x00, 0x00, 0x00, 0x00, 0xd0, 0x44, 0x00, 0x00,
  0x00, 0x00, 0x00, 0x00, 0xe8, 0x00, 0x00, 0x00, 0x00, 0x00, 0x00, 0x00,
  0x00, 0x00, 0x00, 0x00, 0x00, 0x00, 0x00, 0x00, 0x08, 0x00, 0x00, 0x00,
  0x00, 0x00, 0x00, 0x00, 0x00, 0x00, 0x00, 0x00, 0x00, 0x00, 0x00, 0x00,
  0xed, 0x00, 0x00, 0x00, 0x03, 0x00, 0x00, 0x00, 0x00, 0x00, 0x00, 0x00,
  0x00, 0x00, 0x00, 0x00, 0x00, 0x00, 0x00, 0x00, 0x00, 0x00, 0x00, 0x00,
  0xb8, 0x45, 0x00, 0x00, 0x00, 0x00, 0x00, 0x00, 0x0e, 0x01, 0x00, 0x00,
  0x00, 0x00, 0x00, 0x00, 0x00, 0x00, 0x00, 0x00, 0x00, 0x00, 0x00, 0x00,
  0x01, 0x00, 0x00, 0x00, 0x00, 0x00, 0x00, 0x00, 0x00, 0x00, 0x00, 0x00,
  0x00, 0x00, 0x00, 0x00, 0xff, 0x00, 0x00, 0x00, 0x01, 0x00, 0x00, 0x00,
  0x00, 0x00, 0x00, 0x00, 0x00, 0x00, 0x00, 0x00, 0x00, 0x00, 0x00, 0x00,
  0x00, 0x00, 0x00, 0x00, 0xc6, 0x46, 0x00, 0x00, 0x00, 0x00, 0x00, 0x00,
  0x30, 0x03, 0x00, 0x00, 0x00, 0x00, 0x00, 0x00, 0x00, 0x00, 0x00, 0x00,
  0x00, 0x00, 0x00, 0x00, 0x01, 0x00, 0x00, 0x00, 0x00, 0x00, 0x00, 0x00,
  0x00, 0x00, 0x00, 0x00, 0x00, 0x00, 0x00, 0x00
};
unsigned int sec_camera_provider_4_0_bin_64_len = 20600;
